Time (UTC),Channel1,Channel2,Channel3
05/22/21 12:20:15,84.2,,
05/22/21 12:20:20,84.2,,
05/22/21 12:21:10,87.6,,
05/22/21 12:21:15,87.6,,
05/22/21 12:22:10,86.3,,
05/22/21 12:22:15,86.3,,
05/22/21 12:23:10,92.0,,
05/22/21 12:23:15,92.0,,
05/22/21 12:24:10,96.8,,
05/22/21 12:24:15,96.8,,
05/22/21 12:25:05,100.6,,
05/22/21 12:25:10,100.9,,
05/22/21 12:25:15,100.9,,
05/22/21 12:26:10,104.8,,
05/22/21 12:26:15,104.8,,
05/22/21 12:27:10,108.2,,
05/22/21 12:27:15,108.2,,
05/22/21 12:28:10,111.4,,
05/22/21 12:28:15,111.4,,
05/22/21 12:29:10,114.2,,
05/22/21 12:29:15,114.2,,
05/22/21 12:30:10,116.9,,
05/22/21 12:30:15,116.9,,
05/22/21 12:31:10,119.4,,
05/22/21 12:31:15,119.4,,
05/22/21 12:32:10,120.1,,
05/22/21 12:32:15,120.1,,
05/22/21 12:33:10,106.2,,
05/22/21 12:33:15,106.2,,
05/22/21 12:34:10,103.5,,
05/22/21 12:34:15,103.5,,
05/22/21 12:35:10,105.3,,
05/22/21 12:35:15,105.3,,
05/22/21 12:36:10,106.9,,
05/22/21 12:36:15,106.9,,
05/22/21 12:37:10,111.9,,
05/22/21 12:37:15,111.9,,
05/22/21 12:38:10,114.2,,
05/22/21 12:38:15,114.2,,
05/22/21 12:39:10,115.5,,
05/22/21 12:39:15,115.5,,
05/22/21 12:40:10,112.6,,
05/22/21 12:40:15,112.6,,
05/22/21 12:41:10,118.8,,
05/22/21 12:41:15,118.8,,
05/22/21 12:42:10,113.2,,
05/22/21 12:42:15,113.2,,
05/22/21 12:43:10,126.7,,
05/22/21 12:43:15,126.7,,
05/22/21 12:44:10,130.0,,
05/22/21 12:44:15,130.0,,
05/22/21 12:45:10,130.0,,
05/22/21 12:45:15,130.0,,
05/22/21 12:46:10,137.3,,
05/22/21 12:46:15,137.3,,
05/22/21 12:47:10,139.5,,
05/22/21 12:47:15,139.5,,
05/22/21 12:48:10,141.8,,
05/22/21 12:48:15,141.8,,
05/22/21 12:49:10,143.6,,
05/22/21 12:49:15,143.6,,
05/22/21 12:50:10,145.0,,
05/22/21 12:50:15,145.0,,
05/22/21 12:51:10,146.2,,
05/22/21 12:51:15,146.2,,
05/22/21 12:52:10,147.5,,
05/22/21 12:52:15,147.5,,
05/22/21 12:53:10,148.7,,
05/22/21 12:53:15,148.7,,
05/22/21 12:54:10,149.9,,
05/22/21 12:54:15,149.9,,
05/22/21 12:55:05,151.1,,
05/22/21 12:55:10,151.2,,
05/22/21 12:55:15,151.2,,
05/22/21 12:56:10,152.4,,
05/22/21 12:56:15,152.4,,
05/22/21 12:57:10,153.4,,
05/22/21 12:57:15,153.4,,
05/22/21 12:58:10,154.5,,
05/22/21 12:58:15,154.5,,
05/22/21 12:59:10,155.6,,
05/22/21 12:59:15,155.6,,
05/22/21 13:00:10,156.5,,
05/22/21 13:00:15,156.5,,
05/22/21 13:01:10,157.8,,
05/22/21 13:01:15,157.8,,
05/22/21 13:02:10,158.8,,
05/22/21 13:02:15,158.8,,
05/22/21 13:03:10,159.9,,
05/22/21 13:03:15,159.9,,
05/22/21 13:04:10,160.7,,
05/22/21 13:04:15,160.7,,
05/22/21 13:05:10,161.9,,
05/22/21 13:05:15,161.9,,
05/22/21 13:06:10,163.1,,
05/22/21 13:06:15,163.1,,
05/22/21 13:07:10,164.3,,
05/22/21 13:07:15,164.3,,
05/22/21 13:08:10,165.6,,
05/22/21 13:08:15,165.6,,
05/22/21 13:09:10,166.7,,
05/22/21 13:09:15,166.7,,
05/22/21 13:10:10,167.8,,
05/22/21 13:10:15,167.8,,
05/22/21 13:11:10,168.8,,
05/22/21 13:11:15,168.8,,
05/22/21 13:12:10,170.2,,
05/22/21 13:12:15,170.2,,
05/22/21 13:13:10,171.7,,
05/22/21 13:13:15,171.7,,
05/22/21 13:14:10,173.3,,
05/22/21 13:14:15,173.3,,
05/22/21 13:15:10,174.6,,
05/22/21 13:15:15,174.6,,
05/22/21 13:16:10,175.5,,
05/22/21 13:16:15,175.5,,
05/22/21 13:17:10,176.8,,
05/22/21 13:17:15,176.8,,
05/22/21 13:18:10,177.8,,
05/22/21 13:18:15,177.8,,
05/22/21 13:19:10,178.9,,
05/22/21 13:19:15,178.9,,
05/22/21 13:20:10,180.3,,
05/22/21 13:20:15,180.3,,
05/22/21 13:21:10,181.4,,
05/22/21 13:21:15,181.4,,
05/22/21 13:22:10,182.6,,
05/22/21 13:22:15,182.6,,
05/22/21 13:23:10,183.9,,
05/22/21 13:23:15,183.9,,
05/22/21 13:24:10,184.8,,
05/22/21 13:24:15,184.8,,
05/22/21 13:25:10,186.0,,
05/22/21 13:25:15,186.0,,
05/22/21 13:26:10,187.1,,
05/22/21 13:26:15,187.1,,
05/22/21 13:27:10,211.9,,
05/22/21 13:27:15,211.9,,
05/22/21 13:28:10,215.3,,
05/22/21 13:28:15,215.3,,
05/22/21 13:29:10,217.0,,
05/22/21 13:29:15,217.0,,
05/22/21 13:30:10,218.6,,
05/22/21 13:30:15,218.6,,
05/22/21 13:31:10,218.5,,
05/22/21 13:31:15,218.5,,
05/22/21 13:32:10,219.4,,
05/22/21 13:32:15,219.4,,
05/22/21 13:33:10,220.5,,
05/22/21 13:33:15,220.5,,
05/22/21 13:34:10,220.7,,
05/22/21 13:34:15,220.7,,
05/22/21 13:35:10,222.5,,
05/22/21 13:35:15,222.5,,
05/22/21 13:36:10,223.0,,
05/22/21 13:36:15,223.0,,
05/22/21 13:37:10,224.7,,
05/22/21 13:37:15,224.7,,
05/22/21 13:38:10,224.2,,
05/22/21 13:38:15,224.2,,
05/22/21 13:39:10,223.6,,
05/22/21 13:39:15,223.6,,
05/22/21 13:40:10,224.6,,
05/22/21 13:40:15,224.6,,
05/22/21 13:41:10,224.3,,
05/22/21 13:41:15,224.3,,
05/22/21 13:42:10,226.6,,
05/22/21 13:42:15,226.6,,
05/22/21 13:43:10,229.0,,
05/22/21 13:43:15,229.0,,
05/22/21 13:44:10,232.8,,
05/22/21 13:44:15,232.8,,
05/22/21 13:45:10,237.9,,
05/22/21 13:45:15,237.9,,
05/22/21 13:46:10,200.2,,
05/22/21 13:46:15,200.2,,
05/22/21 13:46:35,,38.7,
05/22/21 13:46:40,,38.7,37.0
05/22/21 13:46:45,,,37.0
05/22/21 13:47:10,205.9,,
05/22/21 13:47:15,205.9,,
05/22/21 13:47:35,,37.1,
05/22/21 13:47:40,,37.1,35.3
05/22/21 13:47:45,,,35.3
05/22/21 13:48:10,230.0,,
05/22/21 13:48:15,230.0,,
05/22/21 13:48:35,,36.9,
05/22/21 13:48:40,,36.9,35.2
05/22/21 13:48:45,,,35.2
05/22/21 13:49:10,239.6,,
05/22/21 13:49:15,239.6,,
05/22/21 13:49:35,,36.9,
05/22/21 13:49:40,,36.9,35.3
05/22/21 13:49:45,,,35.3
05/22/21 13:50:10,242.4,,
05/22/21 13:50:15,242.4,,
05/22/21 13:50:35,,37.2,
05/22/21 13:50:40,,37.2,35.2
05/22/21 13:50:45,,,35.2
05/22/21 13:51:10,243.1,,
05/22/21 13:51:15,243.1,,
05/22/21 13:51:35,,37.5,
05/22/21 13:51:40,,37.5,35.2
05/22/21 13:51:45,,,35.2
05/22/21 13:52:10,242.6,,
05/22/21 13:52:15,242.6,,
05/22/21 13:52:35,,37.9,
05/22/21 13:52:40,,37.9,35.6
05/22/21 13:52:45,,,35.6
05/22/21 13:53:10,241.7,,
05/22/21 13:53:15,241.7,,
05/22/21 13:53:35,,38.4,
05/22/21 13:53:40,,38.4,35.7
05/22/21 13:53:45,,,35.7
05/22/21 13:54:10,241.4,,
05/22/21 13:54:15,241.4,,
05/22/21 13:54:35,,39.1,
05/22/21 13:54:40,,39.1,36.0
05/22/21 13:54:45,,,36.0
05/22/21 13:55:10,242.1,,
05/22/21 13:55:15,242.1,,
05/22/21 13:55:35,,39.9,
05/22/21 13:55:40,,39.9,36.0
05/22/21 13:55:45,,,36.0
05/22/21 13:56:10,241.9,,
05/22/21 13:56:15,241.9,,
05/22/21 13:56:35,,40.6,
05/22/21 13:56:40,,40.6,36.4
05/22/21 13:56:45,,,36.4
05/22/21 13:57:10,242.1,,
05/22/21 13:57:15,242.1,,
05/22/21 13:57:35,,41.4,
05/22/21 13:57:40,,41.4,36.7
05/22/21 13:57:45,,,36.7
05/22/21 13:58:10,240.4,,
05/22/21 13:58:15,240.4,,
05/22/21 13:58:35,,42.2,
05/22/21 13:58:40,,42.2,37.1
05/22/21 13:58:45,,,37.1
05/22/21 13:59:10,240.2,,
05/22/21 13:59:15,240.2,,
05/22/21 13:59:35,,43.1,
05/22/21 13:59:40,,43.1,37.6
05/22/21 13:59:45,,,37.6
05/22/21 14:00:10,240.1,,
05/22/21 14:00:15,240.1,,
05/22/21 14:00:35,,44.1,
05/22/21 14:00:40,,44.1,38.0
05/22/21 14:00:45,,,38.0
05/22/21 14:01:10,239.8,,
05/22/21 14:01:15,239.8,,
05/22/21 14:01:35,,45.1,
05/22/21 14:01:40,,45.1,38.5
05/22/21 14:01:45,,,38.5
05/22/21 14:02:10,239.9,,
05/22/21 14:02:15,239.9,,
05/22/21 14:02:35,,46.0,
05/22/21 14:02:40,,46.0,39.2
05/22/21 14:02:45,,,39.2
05/22/21 14:03:10,240.4,,
05/22/21 14:03:15,240.4,,
05/22/21 14:03:35,,47.1,
05/22/21 14:03:40,,47.1,39.8
05/22/21 14:03:45,,,39.8
05/22/21 14:04:10,240.8,,
05/22/21 14:04:15,240.8,,
05/22/21 14:04:35,,48.2,
05/22/21 14:04:40,,48.2,40.4
05/22/21 14:04:45,,,40.4
05/22/21 14:05:10,241.3,,
05/22/21 14:05:15,241.3,,
05/22/21 14:05:35,,49.4,
05/22/21 14:05:40,,49.4,41.1
05/22/21 14:05:45,,,41.1
05/22/21 14:06:10,241.7,,
05/22/21 14:06:15,241.7,,
05/22/21 14:06:35,,50.5,
05/22/21 14:06:40,,50.5,41.9
05/22/21 14:06:45,,,41.9
05/22/21 14:07:10,242.3,,
05/22/21 14:07:15,242.3,,
05/22/21 14:07:35,,51.8,
05/22/21 14:07:40,,51.8,42.7
05/22/21 14:07:45,,,42.7
05/22/21 14:08:10,243.4,,
05/22/21 14:08:15,243.4,,
05/22/21 14:08:35,,52.9,
05/22/21 14:08:40,,52.9,43.4
05/22/21 14:08:45,,,43.4
05/22/21 14:09:10,242.5,,
05/22/21 14:09:15,242.5,,
05/22/21 14:09:35,,54.2,
05/22/21 14:09:40,,54.2,44.3
05/22/21 14:09:45,,,44.3
05/22/21 14:10:10,242.1,,
05/22/21 14:10:15,242.1,,
05/22/21 14:10:35,,55.6,
05/22/21 14:10:40,,55.6,45.4
05/22/21 14:10:45,,,45.4
05/22/21 14:11:10,243.3,,
05/22/21 14:11:15,243.3,,
05/22/21 14:11:35,,56.8,
05/22/21 14:11:40,,56.8,46.1
05/22/21 14:11:45,,,46.1
05/22/21 14:12:10,244.0,,
05/22/21 14:12:15,244.0,,
05/22/21 14:12:35,,58.2,
05/22/21 14:12:40,,58.2,47.1
05/22/21 14:12:45,,,47.1
05/22/21 14:13:10,244.3,,
05/22/21 14:13:15,244.3,,
05/22/21 14:13:35,,59.4,
05/22/21 14:13:40,,59.4,48.1
05/22/21 14:13:45,,,48.1
05/22/21 14:14:10,244.7,,
05/22/21 14:14:15,244.7,,
05/22/21 14:14:35,,60.7,
05/22/21 14:14:40,,60.7,49.1
05/22/21 14:14:45,,,49.1
05/22/21 14:15:10,245.2,,
05/22/21 14:15:15,245.2,,
05/22/21 14:15:35,,62.1,
05/22/21 14:15:40,,62.1,50.2
05/22/21 14:15:45,,,50.2
05/22/21 14:16:10,244.8,,
05/22/21 14:16:15,244.8,,
05/22/21 14:16:35,,63.3,
05/22/21 14:16:40,,63.3,51.2
05/22/21 14:16:45,,,51.2
05/22/21 14:17:10,245.3,,
05/22/21 14:17:15,245.3,,
05/22/21 14:17:35,,64.5,
05/22/21 14:17:40,,64.5,52.3
05/22/21 14:17:45,,,52.3
05/22/21 14:18:10,246.1,,
05/22/21 14:18:15,246.1,,
05/22/21 14:18:35,,65.6,
05/22/21 14:18:40,,65.6,53.3
05/22/21 14:18:45,,,53.3
05/22/21 14:19:10,247.7,,
05/22/21 14:19:15,247.7,,
05/22/21 14:19:35,,66.9,
05/22/21 14:19:40,,66.9,54.4
05/22/21 14:19:45,,,54.4
05/22/21 14:20:10,248.1,,
05/22/21 14:20:15,248.1,,
05/22/21 14:20:35,,68.1,
05/22/21 14:20:40,,68.1,55.6
05/22/21 14:20:45,,,55.6
05/22/21 14:21:10,248.8,,
05/22/21 14:21:15,248.8,,
05/22/21 14:21:35,,69.2,
05/22/21 14:21:40,,69.2,56.7
05/22/21 14:21:45,,,56.7
05/22/21 14:22:10,249.4,,
05/22/21 14:22:15,249.4,,
05/22/21 14:22:35,,70.3,
05/22/21 14:22:40,,70.3,57.9
05/22/21 14:22:45,,,57.9
05/22/21 14:23:10,249.8,,
05/22/21 14:23:15,249.8,,
05/22/21 14:23:35,,71.5,
05/22/21 14:23:40,,71.5,59.1
05/22/21 14:23:45,,,59.1
05/22/21 14:24:10,249.2,,
05/22/21 14:24:15,249.2,,
05/22/21 14:24:35,,72.6,
05/22/21 14:24:40,,72.6,60.3
05/22/21 14:24:45,,,60.3
05/22/21 14:25:10,248.1,,
05/22/21 14:25:15,248.1,,
05/22/21 14:25:35,,73.8,
05/22/21 14:25:40,,73.8,61.5
05/22/21 14:25:45,,,61.5
05/22/21 14:26:10,248.5,,
05/22/21 14:26:15,248.5,,
05/22/21 14:26:35,,74.9,
05/22/21 14:26:40,,74.9,62.7
05/22/21 14:26:45,,,62.7
05/22/21 14:27:10,248.9,,
05/22/21 14:27:15,248.9,,
05/22/21 14:27:35,,76.0,
05/22/21 14:27:40,,76.0,63.8
05/22/21 14:27:45,,,63.8
05/22/21 14:28:10,249.2,,
05/22/21 14:28:15,249.2,,
05/22/21 14:28:35,,77.1,
05/22/21 14:28:40,,77.1,65.1
05/22/21 14:28:45,,,65.1
05/22/21 14:29:10,249.4,,
05/22/21 14:29:15,249.4,,
05/22/21 14:29:35,,78.1,
05/22/21 14:29:40,,78.1,66.3
05/22/21 14:29:45,,,66.3
05/22/21 14:30:10,250.4,,
05/22/21 14:30:15,250.4,,
05/22/21 14:30:35,,79.2,
05/22/21 14:30:40,,79.2,67.5
05/22/21 14:30:45,,,67.5
05/22/21 14:31:10,251.0,,
05/22/21 14:31:15,251.0,,
05/22/21 14:31:35,,80.2,
05/22/21 14:31:40,,80.2,68.6
05/22/21 14:31:45,,,68.6
05/22/21 14:32:10,251.2,,
05/22/21 14:32:15,251.2,,
05/22/21 14:32:35,,81.2,
05/22/21 14:32:40,,81.2,69.8
05/22/21 14:32:45,,,69.8
05/22/21 14:33:10,250.6,,
05/22/21 14:33:15,250.6,,
05/22/21 14:33:35,,82.3,
05/22/21 14:33:40,,82.3,70.9
05/22/21 14:33:45,,,70.9
05/22/21 14:34:10,250.4,,
05/22/21 14:34:15,250.4,,
05/22/21 14:34:35,,83.3,
05/22/21 14:34:40,,83.3,72.1
05/22/21 14:34:45,,,72.1
05/22/21 14:35:10,250.5,,
05/22/21 14:35:15,250.5,,
05/22/21 14:35:35,,84.3,
05/22/21 14:35:40,,84.3,73.3
05/22/21 14:35:45,,,73.3
05/22/21 14:36:10,250.6,,
05/22/21 14:36:15,250.6,,
05/22/21 14:36:35,,85.3,
05/22/21 14:36:40,,85.3,74.4
05/22/21 14:36:45,,,74.4
05/22/21 14:37:10,248.9,,
05/22/21 14:37:15,248.9,,
05/22/21 14:37:35,,86.4,
05/22/21 14:37:40,,86.4,75.5
05/22/21 14:37:45,,,75.5
05/22/21 14:38:10,248.9,,
05/22/21 14:38:15,248.9,,
05/22/21 14:38:35,,87.4,
05/22/21 14:38:40,,87.4,76.6
05/22/21 14:38:45,,,76.6
05/22/21 14:39:10,249.5,,
05/22/21 14:39:15,249.5,,
05/22/21 14:39:35,,88.4,
05/22/21 14:39:40,,88.4,77.8
05/22/21 14:39:45,,,77.8
05/22/21 14:40:10,249.7,,
05/22/21 14:40:15,249.7,,
05/22/21 14:40:35,,89.4,
05/22/21 14:40:40,,89.4,78.9
05/22/21 14:40:45,,,78.9
05/22/21 14:41:10,249.7,,
05/22/21 14:41:15,249.7,,
05/22/21 14:41:35,,90.5,
05/22/21 14:41:40,,90.5,80.0
05/22/21 14:41:45,,,80.0
05/22/21 14:42:10,249.1,,
05/22/21 14:42:15,249.1,,
05/22/21 14:42:35,,91.5,
05/22/21 14:42:40,,91.5,81.1
05/22/21 14:42:45,,,81.1
05/22/21 14:43:10,248.5,,
05/22/21 14:43:15,248.5,,
05/22/21 14:43:35,,92.5,
05/22/21 14:43:40,,92.5,82.2
05/22/21 14:43:45,,,82.2
05/22/21 14:44:10,248.5,,
05/22/21 14:44:15,248.5,,
05/22/21 14:44:35,,93.5,
05/22/21 14:44:40,,93.5,83.3
05/22/21 14:44:45,,,83.3
05/22/21 14:45:10,248.8,,
05/22/21 14:45:15,248.8,,
05/22/21 14:45:35,,94.5,
05/22/21 14:45:40,,94.5,84.4
05/22/21 14:45:45,,,84.4
05/22/21 14:46:10,249.5,,
05/22/21 14:46:15,249.5,,
05/22/21 14:46:35,,95.5,
05/22/21 14:46:40,,95.5,85.5
05/22/21 14:46:45,,,85.5
05/22/21 14:47:10,250.2,,
05/22/21 14:47:15,250.2,,
05/22/21 14:47:35,,96.5,
05/22/21 14:47:40,,96.5,86.5
05/22/21 14:47:45,,,86.5
05/22/21 14:48:10,249.2,,
05/22/21 14:48:15,249.2,,
05/22/21 14:48:35,,97.4,
05/22/21 14:48:40,,97.4,87.6
05/22/21 14:48:45,,,87.6
05/22/21 14:49:10,248.8,,
05/22/21 14:49:15,248.8,,
05/22/21 14:49:35,,98.4,
05/22/21 14:49:40,,98.4,88.6
05/22/21 14:49:45,,,88.6
05/22/21 14:50:10,248.6,,
05/22/21 14:50:15,248.6,,
05/22/21 14:50:35,,99.3,
05/22/21 14:50:40,,99.3,89.8
05/22/21 14:50:45,,,89.8
05/22/21 14:51:10,248.7,,
05/22/21 14:51:15,248.7,,
05/22/21 14:51:35,,100.2,
05/22/21 14:51:40,,100.2,90.8
05/22/21 14:51:45,,,90.8
05/22/21 14:52:10,248.7,,
05/22/21 14:52:15,248.7,,
05/22/21 14:52:35,,101.1,
05/22/21 14:52:40,,101.1,91.8
05/22/21 14:52:45,,,91.8
05/22/21 14:53:10,248.5,,
05/22/21 14:53:15,248.5,,
05/22/21 14:53:35,,102.0,
05/22/21 14:53:40,,102.0,92.8
05/22/21 14:53:45,,,92.8
05/22/21 14:54:10,248.7,,
05/22/21 14:54:15,248.7,,
05/22/21 14:54:35,,102.8,
05/22/21 14:54:40,,102.8,93.8
05/22/21 14:54:45,,,93.8
05/22/21 14:55:10,248.5,,
05/22/21 14:55:15,248.5,,
05/22/21 14:55:35,,103.7,
05/22/21 14:55:40,,103.7,94.8
05/22/21 14:55:45,,,94.8
05/22/21 14:56:10,248.2,,
05/22/21 14:56:15,248.2,,
05/22/21 14:56:35,,104.6,
05/22/21 14:56:40,,104.6,95.8
05/22/21 14:56:45,,,95.8
05/22/21 14:57:10,247.8,,
05/22/21 14:57:15,247.8,,
05/22/21 14:57:35,,105.4,
05/22/21 14:57:40,,105.4,96.8
05/22/21 14:57:45,,,96.8
05/22/21 14:58:10,247.0,,
05/22/21 14:58:15,247.0,,
05/22/21 14:58:35,,106.2,
05/22/21 14:58:40,,106.2,97.7
05/22/21 14:58:45,,,97.7
05/22/21 14:59:10,247.2,,
05/22/21 14:59:15,247.2,,
05/22/21 14:59:35,,107.0,
05/22/21 14:59:40,,107.0,98.7
05/22/21 14:59:45,,,98.7
05/22/21 15:00:10,247.4,,
05/22/21 15:00:15,247.4,,
05/22/21 15:00:35,,107.8,
05/22/21 15:00:40,,107.8,99.5
05/22/21 15:00:45,,,99.5
05/22/21 15:01:10,248.1,,
05/22/21 15:01:15,248.1,,
05/22/21 15:01:35,,108.6,
05/22/21 15:01:40,,108.6,100.5
05/22/21 15:01:45,,,100.5
05/22/21 15:02:10,248.5,,
05/22/21 15:02:15,248.5,,
05/22/21 15:02:35,,109.3,
05/22/21 15:02:40,,109.3,101.4
05/22/21 15:02:45,,,101.4
05/22/21 15:03:10,248.2,,
05/22/21 15:03:15,248.2,,
05/22/21 15:03:35,,110.1,
05/22/21 15:03:40,,110.1,102.2
05/22/21 15:03:45,,,102.2
05/22/21 15:04:10,248.0,,
05/22/21 15:04:15,248.0,,
05/22/21 15:04:35,,110.9,
05/22/21 15:04:40,,110.9,103.1
05/22/21 15:04:45,,,103.1
05/22/21 15:05:10,247.8,,
05/22/21 15:05:15,247.8,,
05/22/21 15:05:35,,111.6,
05/22/21 15:05:40,,111.6,104.0
05/22/21 15:05:45,,,104.0
05/22/21 15:06:10,247.7,,
05/22/21 15:06:15,247.7,,
05/22/21 15:06:35,,112.4,
05/22/21 15:06:40,,112.4,104.8
05/22/21 15:06:45,,,104.8
05/22/21 15:07:10,247.5,,
05/22/21 15:07:15,247.5,,
05/22/21 15:07:35,,113.1,
05/22/21 15:07:40,,113.1,105.6
05/22/21 15:07:45,,,105.6
05/22/21 15:08:10,247.5,,
05/22/21 15:08:15,247.5,,
05/22/21 15:08:35,,113.8,
05/22/21 15:08:40,,113.8,106.4
05/22/21 15:08:45,,,106.4
05/22/21 15:09:10,248.3,,
05/22/21 15:09:15,248.3,,
05/22/21 15:09:35,,114.5,
05/22/21 15:09:40,,114.5,107.2
05/22/21 15:09:45,,,107.2
05/22/21 15:10:10,249.7,,
05/22/21 15:10:15,249.7,,
05/22/21 15:10:35,,115.2,
05/22/21 15:10:40,,115.2,108.0
05/22/21 15:10:45,,,108.0
05/22/21 15:11:10,251.7,,
05/22/21 15:11:15,251.7,,
05/22/21 15:11:35,,115.9,
05/22/21 15:11:40,,115.9,108.8
05/22/21 15:11:45,,,108.8
05/22/21 15:12:10,252.4,,
05/22/21 15:12:15,252.4,,
05/22/21 15:12:35,,116.5,
05/22/21 15:12:40,,116.5,109.5
05/22/21 15:12:45,,,109.5
05/22/21 15:13:10,252.3,,
05/22/21 15:13:15,252.3,,
05/22/21 15:13:35,,117.2,
05/22/21 15:13:40,,117.2,110.2
05/22/21 15:13:45,,,110.2
05/22/21 15:14:10,252.5,,
05/22/21 15:14:15,252.5,,
05/22/21 15:14:35,,117.9,
05/22/21 15:14:40,,117.9,111.0
05/22/21 15:14:45,,,111.0
05/22/21 15:15:10,252.5,,
05/22/21 15:15:15,252.5,,
05/22/21 15:15:35,,118.6,
05/22/21 15:15:40,,118.6,111.7
05/22/21 15:15:45,,,111.7
05/22/21 15:16:10,253.2,,
05/22/21 15:16:15,253.2,,
05/22/21 15:16:35,,119.3,
05/22/21 15:16:40,,119.3,112.4
05/22/21 15:16:45,,,112.4
05/22/21 15:17:10,254.3,,
05/22/21 15:17:15,254.3,,
05/22/21 15:17:35,,120.0,
05/22/21 15:17:40,,120.0,113.1
05/22/21 15:17:45,,,113.1
05/22/21 15:18:10,254.3,,
05/22/21 15:18:15,254.3,,
05/22/21 15:18:35,,120.6,
05/22/21 15:18:40,,120.6,113.8
05/22/21 15:18:45,,,113.8
05/22/21 15:19:10,253.6,,
05/22/21 15:19:15,253.6,,
05/22/21 15:19:35,,121.3,
05/22/21 15:19:40,,121.3,114.5
05/22/21 15:19:45,,,114.5
05/22/21 15:20:10,253.6,,
05/22/21 15:20:15,253.6,,
05/22/21 15:20:35,,121.9,
05/22/21 15:20:40,,121.9,115.1
05/22/21 15:20:45,,,115.1
05/22/21 15:21:10,255.0,,
05/22/21 15:21:15,255.0,,
05/22/21 15:21:35,,122.5,
05/22/21 15:21:40,,122.5,115.8
05/22/21 15:21:45,,,115.8
05/22/21 15:22:10,256.4,,
05/22/21 15:22:15,256.4,,
05/22/21 15:22:35,,123.1,
05/22/21 15:22:40,,123.1,116.4
05/22/21 15:22:45,,,116.4
05/22/21 15:23:10,256.7,,
05/22/21 15:23:15,256.7,,
05/22/21 15:23:35,,123.8,
05/22/21 15:23:40,,123.8,117.0
05/22/21 15:23:45,,,117.0
05/22/21 15:24:10,256.4,,
05/22/21 15:24:15,256.4,,
05/22/21 15:24:35,,124.3,
05/22/21 15:24:40,,124.3,117.7
05/22/21 15:24:45,,,117.7
05/22/21 15:25:10,256.3,,
05/22/21 15:25:15,256.3,,
05/22/21 15:25:35,,124.9,
05/22/21 15:25:40,,124.9,118.2
05/22/21 15:25:45,,,118.2
05/22/21 15:26:10,256.6,,
05/22/21 15:26:15,256.6,,
05/22/21 15:26:35,,125.5,
05/22/21 15:26:40,,125.5,118.8
05/22/21 15:26:45,,,118.8
05/22/21 15:27:10,257.0,,
05/22/21 15:27:15,257.0,,
05/22/21 15:27:35,,126.1,
05/22/21 15:27:40,,126.1,119.4
05/22/21 15:27:45,,,119.4
05/22/21 15:28:10,257.1,,
05/22/21 15:28:15,257.1,,
05/22/21 15:28:35,,126.6,
05/22/21 15:28:40,,126.6,120.0
05/22/21 15:28:45,,,120.0
05/22/21 15:29:10,257.9,,
05/22/21 15:29:15,257.9,,
05/22/21 15:29:35,,127.2,
05/22/21 15:29:40,,127.2,120.5
05/22/21 15:29:45,,,120.5
05/22/21 15:30:10,257.1,,
05/22/21 15:30:15,257.1,,
05/22/21 15:30:35,,127.7,
05/22/21 15:30:40,,127.7,121.1
05/22/21 15:30:45,,,121.1
05/22/21 15:31:10,258.4,,
05/22/21 15:31:15,258.4,,
05/22/21 15:31:35,,128.2,
05/22/21 15:31:40,,128.2,121.7
05/22/21 15:31:45,,,121.7
05/22/21 15:32:10,258.1,,
05/22/21 15:32:15,258.1,,
05/22/21 15:32:35,,128.7,
05/22/21 15:32:40,,128.7,122.2
05/22/21 15:32:45,,,122.2
05/22/21 15:33:10,260.2,,
05/22/21 15:33:15,260.2,,
05/22/21 15:33:35,,129.2,
05/22/21 15:33:40,,129.2,122.7
05/22/21 15:33:45,,,122.7
05/22/21 15:34:10,261.7,,
05/22/21 15:34:15,261.7,,
05/22/21 15:34:35,,129.7,
05/22/21 15:34:40,,129.7,123.3
05/22/21 15:34:45,,,123.3
05/22/21 15:35:10,261.3,,
05/22/21 15:35:15,261.3,,
05/22/21 15:35:35,,130.2,
05/22/21 15:35:40,,130.2,123.8
05/22/21 15:35:45,,,123.8
05/22/21 15:36:10,260.4,,
05/22/21 15:36:15,260.4,,
05/22/21 15:36:35,,130.7,
05/22/21 15:36:40,,130.7,124.3
05/22/21 15:36:45,,,124.3
05/22/21 15:37:10,259.5,,
05/22/21 15:37:15,259.5,,
05/22/21 15:37:35,,131.2,
05/22/21 15:37:40,,131.2,124.8
05/22/21 15:37:45,,,124.8
05/22/21 15:38:10,262.2,,
05/22/21 15:38:15,262.2,,
05/22/21 15:38:35,,131.7,
05/22/21 15:38:40,,131.7,125.3
05/22/21 15:38:45,,,125.3
05/22/21 15:39:10,259.4,,
05/22/21 15:39:15,259.4,,
05/22/21 15:39:35,,132.2,
05/22/21 15:39:40,,132.2,125.8
05/22/21 15:39:45,,,125.8
05/22/21 15:40:10,262.1,,
05/22/21 15:40:15,262.1,,
05/22/21 15:40:35,,132.7,
05/22/21 15:40:40,,132.7,126.3
05/22/21 15:40:45,,,126.3
05/22/21 15:41:10,261.1,,
05/22/21 15:41:15,261.1,,
05/22/21 15:41:35,,133.2,
05/22/21 15:41:40,,133.2,126.7
05/22/21 15:41:45,,,126.7
05/22/21 15:42:10,261.0,,
05/22/21 15:42:15,261.0,,
05/22/21 15:42:35,,133.6,
05/22/21 15:42:40,,133.6,127.2
05/22/21 15:42:45,,,127.2
05/22/21 15:43:10,261.4,,
05/22/21 15:43:15,261.4,,
05/22/21 15:43:35,,134.0,
05/22/21 15:43:40,,134.0,127.7
05/22/21 15:43:45,,,127.7
05/22/21 15:44:10,259.2,,
05/22/21 15:44:15,259.2,,
05/22/21 15:44:35,,134.4,
05/22/21 15:44:40,,134.4,128.2
05/22/21 15:44:45,,,128.2
05/22/21 15:45:10,258.7,,
05/22/21 15:45:15,258.7,,
05/22/21 15:45:35,,134.9,
05/22/21 15:45:40,,134.9,128.6
05/22/21 15:45:45,,,128.6
05/22/21 15:46:10,259.2,,
05/22/21 15:46:15,259.2,,
05/22/21 15:46:35,,135.3,
05/22/21 15:46:40,,135.3,129.1
05/22/21 15:46:45,,,129.1
05/22/21 15:47:10,262.4,,
05/22/21 15:47:15,262.4,,
05/22/21 15:47:35,,135.7,
05/22/21 15:47:40,,135.7,129.5
05/22/21 15:47:45,,,129.5
05/22/21 15:48:10,263.1,,
05/22/21 15:48:15,263.1,,
05/22/21 15:48:35,,136.1,
05/22/21 15:48:40,,136.1,130.0
05/22/21 15:48:45,,,130.0
05/22/21 15:49:10,260.2,,
05/22/21 15:49:15,260.2,,
05/22/21 15:49:35,,136.5,
05/22/21 15:49:40,,136.5,130.4
05/22/21 15:49:45,,,130.4
05/22/21 15:50:10,259.5,,
05/22/21 15:50:15,259.5,,
05/22/21 15:50:35,,136.9,
05/22/21 15:50:40,,136.9,130.8
05/22/21 15:50:45,,,130.8
05/22/21 15:51:10,259.2,,
05/22/21 15:51:15,259.2,,
05/22/21 15:51:35,,137.3,
05/22/21 15:51:40,,137.3,131.2
05/22/21 15:51:45,,,131.2
05/22/21 15:52:10,263.9,,
05/22/21 15:52:15,263.9,,
05/22/21 15:52:35,,137.7,
05/22/21 15:52:40,,137.7,131.7
05/22/21 15:52:45,,,131.7
05/22/21 15:53:10,265.0,,
05/22/21 15:53:15,265.0,,
05/22/21 15:53:35,,138.1,
05/22/21 15:53:40,,138.1,132.1
05/22/21 15:53:45,,,132.1
05/22/21 15:54:10,263.8,,
05/22/21 15:54:15,263.8,,
05/22/21 15:54:35,,138.4,
05/22/21 15:54:40,,138.4,132.5
05/22/21 15:54:45,,,132.5
05/22/21 15:55:10,264.7,,
05/22/21 15:55:15,264.7,,
05/22/21 15:55:35,,138.8,
05/22/21 15:55:40,,138.8,132.9
05/22/21 15:55:45,,,132.9
05/22/21 15:56:10,265.0,,
05/22/21 15:56:15,265.0,,
05/22/21 15:56:35,,139.2,
05/22/21 15:56:40,,139.2,133.3
05/22/21 15:56:45,,,133.3
05/22/21 15:57:10,259.1,,
05/22/21 15:57:15,259.1,,
05/22/21 15:57:35,,139.5,
05/22/21 15:57:40,,139.5,133.7
05/22/21 15:57:45,,,133.7
05/22/21 15:58:10,255.6,,
05/22/21 15:58:15,255.6,,
05/22/21 15:58:35,,139.9,
05/22/21 15:58:40,,139.9,134.1
05/22/21 15:58:45,,,134.1
05/22/21 15:59:10,255.1,,
05/22/21 15:59:15,255.1,,
05/22/21 15:59:35,,140.2,
05/22/21 15:59:40,,140.2,134.5
05/22/21 15:59:45,,,134.5
05/22/21 16:00:10,255.0,,
05/22/21 16:00:15,255.0,,
05/22/21 16:00:35,,140.6,
05/22/21 16:00:40,,140.6,134.9
05/22/21 16:00:45,,,134.9
05/22/21 16:01:10,255.9,,
05/22/21 16:01:15,255.9,,
05/22/21 16:01:35,,140.9,
05/22/21 16:01:40,,140.9,135.2
05/22/21 16:01:45,,,135.2
05/22/21 16:02:10,256.9,,
05/22/21 16:02:15,256.9,,
05/22/21 16:02:35,,141.2,
05/22/21 16:02:40,,141.2,135.6
05/22/21 16:02:45,,,135.6
05/22/21 16:03:10,256.5,,
05/22/21 16:03:15,256.5,,
05/22/21 16:03:35,,141.6,
05/22/21 16:03:40,,141.6,136.0
05/22/21 16:03:45,,,136.0
05/22/21 16:04:10,257.7,,
05/22/21 16:04:15,257.7,,
05/22/21 16:04:35,,141.9,
05/22/21 16:04:40,,141.9,136.3
05/22/21 16:04:45,,,136.3
05/22/21 16:05:10,257.8,,
05/22/21 16:05:15,257.8,,
05/22/21 16:05:35,,142.2,
05/22/21 16:05:40,,142.2,136.7
05/22/21 16:05:45,,,136.7
05/22/21 16:06:10,256.0,,
05/22/21 16:06:15,256.0,,
05/22/21 16:06:35,,142.6,
05/22/21 16:06:40,,142.6,137.0
05/22/21 16:06:45,,,137.0
05/22/21 16:07:10,256.0,,
05/22/21 16:07:15,256.0,,
05/22/21 16:07:35,,142.7,
05/22/21 16:07:40,,142.7,137.4
05/22/21 16:07:45,,,137.4
05/22/21 16:08:10,257.2,,
05/22/21 16:08:15,257.2,,
05/22/21 16:08:35,,143.0,
05/22/21 16:08:40,,143.0,137.7
05/22/21 16:08:45,,,137.7
05/22/21 16:09:10,256.7,,
05/22/21 16:09:15,256.7,,
05/22/21 16:09:35,,143.3,
05/22/21 16:09:40,,143.3,138.0
05/22/21 16:09:45,,,138.0
05/22/21 16:10:10,256.0,,
05/22/21 16:10:15,256.0,,
05/22/21 16:10:35,,143.7,
05/22/21 16:10:40,,143.7,138.4
05/22/21 16:10:45,,,138.4
05/22/21 16:11:10,260.3,,
05/22/21 16:11:15,260.3,,
05/22/21 16:11:35,,144.0,
05/22/21 16:11:40,,144.0,138.7
05/22/21 16:11:45,,,138.7
05/22/21 16:12:10,264.4,,
05/22/21 16:12:15,264.4,,
05/22/21 16:12:35,,144.3,
05/22/21 16:12:40,,144.3,139.0
05/22/21 16:12:45,,,139.0
05/22/21 16:13:10,265.8,,
05/22/21 16:13:15,265.8,,
05/22/21 16:13:35,,144.6,
05/22/21 16:13:40,,144.6,139.4
05/22/21 16:13:45,,,139.4
05/22/21 16:14:10,264.9,,
05/22/21 16:14:15,264.9,,
05/22/21 16:14:35,,144.9,
05/22/21 16:14:40,,144.9,139.7
05/22/21 16:14:45,,,139.7
05/22/21 16:15:10,264.3,,
05/22/21 16:15:15,264.3,,
05/22/21 16:15:35,,145.3,
05/22/21 16:15:40,,145.3,140.0
05/22/21 16:15:45,,,140.0
05/22/21 16:16:10,264.2,,
05/22/21 16:16:15,264.2,,
05/22/21 16:16:35,,145.6,
05/22/21 16:16:40,,145.6,140.3
05/22/21 16:16:45,,,140.3
05/22/21 16:17:10,264.9,,
05/22/21 16:17:15,264.9,,
05/22/21 16:17:35,,145.9,
05/22/21 16:17:40,,145.9,140.6
05/22/21 16:17:45,,,140.6
05/22/21 16:18:10,266.8,,
05/22/21 16:18:15,266.8,,
05/22/21 16:18:35,,146.2,
05/22/21 16:18:40,,146.2,140.9
05/22/21 16:18:45,,,140.9
05/22/21 16:19:10,267.9,,
05/22/21 16:19:15,267.9,,
05/22/21 16:19:35,,146.6,
05/22/21 16:19:40,,146.6,141.2
05/22/21 16:19:45,,,141.2
05/22/21 16:20:10,268.3,,
05/22/21 16:20:15,268.3,,
05/22/21 16:20:35,,146.9,
05/22/21 16:20:40,,146.9,141.5
05/22/21 16:20:45,,,141.5
05/22/21 16:21:10,267.2,,
05/22/21 16:21:15,267.2,,
05/22/21 16:21:35,,147.3,
05/22/21 16:21:40,,147.3,141.8
05/22/21 16:21:45,,,141.8
05/22/21 16:22:10,265.1,,
05/22/21 16:22:15,265.1,,
05/22/21 16:22:35,,147.6,
05/22/21 16:22:40,,147.6,142.1
05/22/21 16:22:45,,,142.1
05/22/21 16:23:10,261.4,,
05/22/21 16:23:15,261.4,,
05/22/21 16:23:35,,147.9,
05/22/21 16:23:40,,147.9,142.3
05/22/21 16:23:45,,,142.3
05/22/21 16:24:10,261.1,,
05/22/21 16:24:15,261.1,,
05/22/21 16:24:35,,148.2,
05/22/21 16:24:40,,148.2,142.6
05/22/21 16:24:45,,,142.6
05/22/21 16:25:10,258.6,,
05/22/21 16:25:15,258.6,,
05/22/21 16:25:35,,148.5,
05/22/21 16:25:40,,148.5,142.8
05/22/21 16:25:45,,,142.8
05/22/21 16:26:10,260.0,,
05/22/21 16:26:15,260.0,,
05/22/21 16:26:35,,148.8,
05/22/21 16:26:40,,148.8,143.1
05/22/21 16:26:45,,,143.1
05/22/21 16:27:10,260.5,,
05/22/21 16:27:15,260.5,,
05/22/21 16:27:35,,149.1,
05/22/21 16:27:40,,149.1,143.3
05/22/21 16:27:45,,,143.3
05/22/21 16:28:10,261.1,,
05/22/21 16:28:15,261.1,,
05/22/21 16:28:35,,149.4,
05/22/21 16:28:40,,149.4,143.6
05/22/21 16:28:45,,,143.6
05/22/21 16:29:10,261.6,,
05/22/21 16:29:15,261.6,,
05/22/21 16:29:35,,149.8,
05/22/21 16:29:40,,149.8,143.8
05/22/21 16:29:45,,,143.8
05/22/21 16:30:10,261.6,,
05/22/21 16:30:15,261.6,,
05/22/21 16:30:35,,150.1,
05/22/21 16:30:40,,150.1,144.0
05/22/21 16:30:45,,,144.0
05/22/21 16:31:10,262.0,,
05/22/21 16:31:15,262.0,,
05/22/21 16:31:35,,150.4,
05/22/21 16:31:40,,150.4,144.3
05/22/21 16:31:45,,,144.3
05/22/21 16:32:10,261.2,,
05/22/21 16:32:15,261.2,,
05/22/21 16:32:35,,150.7,
05/22/21 16:32:40,,150.7,144.5
05/22/21 16:32:45,,,144.5
05/22/21 16:33:10,259.1,,
05/22/21 16:33:15,259.1,,
05/22/21 16:33:35,,151.0,
05/22/21 16:33:40,,151.0,144.7
05/22/21 16:33:45,,,144.7
05/22/21 16:34:10,259.2,,
05/22/21 16:34:15,259.2,,
05/22/21 16:34:35,,151.3,
05/22/21 16:34:40,,151.3,145.0
05/22/21 16:34:45,,,145.0
05/22/21 16:35:10,258.8,,
05/22/21 16:35:15,258.8,,
05/22/21 16:35:35,,151.4,
05/22/21 16:35:40,,151.4,145.2
05/22/21 16:35:45,,,145.2
05/22/21 16:36:10,260.0,,
05/22/21 16:36:15,260.0,,
05/22/21 16:36:35,,151.7,
05/22/21 16:36:40,,151.7,145.4
05/22/21 16:36:45,,,145.4
05/22/21 16:37:10,260.9,,
05/22/21 16:37:15,260.9,,
05/22/21 16:37:35,,152.0,
05/22/21 16:37:40,,152.0,145.6
05/22/21 16:37:45,,,145.6
05/22/21 16:38:10,260.0,,
05/22/21 16:38:15,260.0,,
05/22/21 16:38:35,,152.3,
05/22/21 16:38:40,,152.3,145.8
05/22/21 16:38:45,,,145.8
05/22/21 16:39:10,260.1,,
05/22/21 16:39:15,260.1,,
05/22/21 16:39:35,,152.6,
05/22/21 16:39:40,,152.6,146.0
05/22/21 16:39:45,,,146.0
05/22/21 16:40:10,260.5,,
05/22/21 16:40:15,260.5,,
05/22/21 16:40:35,,152.8,
05/22/21 16:40:40,,152.8,146.2
05/22/21 16:40:45,,,146.2
05/22/21 16:41:10,260.4,,
05/22/21 16:41:15,260.4,,
05/22/21 16:41:35,,153.0,
05/22/21 16:41:40,,153.0,146.4
05/22/21 16:41:45,,,146.4
05/22/21 16:42:10,262.2,,
05/22/21 16:42:15,262.2,,
05/22/21 16:42:35,,153.3,
05/22/21 16:42:40,,153.3,146.6
05/22/21 16:42:45,,,146.6
05/22/21 16:43:10,263.4,,
05/22/21 16:43:15,263.4,,
05/22/21 16:43:35,,153.6,
05/22/21 16:43:40,,153.6,146.8
05/22/21 16:43:45,,,146.8
05/22/21 16:44:10,260.8,,
05/22/21 16:44:15,260.8,,
05/22/21 16:44:35,,153.9,
05/22/21 16:44:40,,153.9,147.0
05/22/21 16:44:45,,,147.0
05/22/21 16:45:10,256.3,,
05/22/21 16:45:15,256.3,,
05/22/21 16:45:35,,154.1,
05/22/21 16:45:40,,154.1,147.2
05/22/21 16:45:45,,,147.2
05/22/21 16:46:10,250.6,,
05/22/21 16:46:15,250.6,,
05/22/21 16:46:35,,154.4,
05/22/21 16:46:40,,154.4,147.4
05/22/21 16:46:45,,,147.4
05/22/21 16:47:10,247.6,,
05/22/21 16:47:15,247.6,,
05/22/21 16:47:35,,154.6,
05/22/21 16:47:40,,154.6,147.5
05/22/21 16:47:45,,,147.5
05/22/21 16:48:10,245.9,,
05/22/21 16:48:15,245.9,,
05/22/21 16:48:35,,154.9,
05/22/21 16:48:40,,154.9,147.7
05/22/21 16:48:45,,,147.7
05/22/21 16:49:10,244.4,,
05/22/21 16:49:15,244.4,,
05/22/21 16:49:35,,155.1,
05/22/21 16:49:40,,155.1,147.9
05/22/21 16:49:45,,,147.9
05/22/21 16:50:10,242.9,,
05/22/21 16:50:15,242.9,,
05/22/21 16:50:35,,155.3,
05/22/21 16:50:40,,155.3,148.0
05/22/21 16:50:45,,,148.0
05/22/21 16:51:10,242.1,,
05/22/21 16:51:15,242.1,,
05/22/21 16:51:35,,155.5,
05/22/21 16:51:40,,155.5,148.2
05/22/21 16:51:45,,,148.2
05/22/21 16:52:10,241.5,,
05/22/21 16:52:15,241.5,,
05/22/21 16:52:35,,155.8,
05/22/21 16:52:40,,155.8,148.4
05/22/21 16:52:45,,,148.4
05/22/21 16:53:10,241.2,,
05/22/21 16:53:15,241.2,,
05/22/21 16:53:35,,156.0,
05/22/21 16:53:40,,156.0,148.5
05/22/21 16:53:45,,,148.5
05/22/21 16:54:10,240.1,,
05/22/21 16:54:15,240.1,,
05/22/21 16:54:35,,156.2,
05/22/21 16:54:40,,156.2,148.7
05/22/21 16:54:45,,,148.7
05/22/21 16:55:10,241.0,,
05/22/21 16:55:15,241.0,,
05/22/21 16:55:35,,156.4,
05/22/21 16:55:40,,156.4,148.8
05/22/21 16:55:45,,,148.8
05/22/21 16:56:10,240.4,,
05/22/21 16:56:15,240.4,,
05/22/21 16:56:35,,156.6,
05/22/21 16:56:40,,156.6,149.0
05/22/21 16:56:45,,,149.0
05/22/21 16:57:10,239.9,,
05/22/21 16:57:15,239.9,,
05/22/21 16:57:35,,156.8,
05/22/21 16:57:40,,156.8,149.1
05/22/21 16:57:45,,,149.1
05/22/21 16:58:10,240.8,,
05/22/21 16:58:15,240.8,,
05/22/21 16:58:35,,156.9,
05/22/21 16:58:40,,156.9,149.3
05/22/21 16:58:45,,,149.3
05/22/21 16:59:10,240.7,,
05/22/21 16:59:15,240.7,,
05/22/21 16:59:35,,157.1,
05/22/21 16:59:40,,157.1,149.4
05/22/21 16:59:45,,,149.4
05/22/21 17:00:10,241.4,,
05/22/21 17:00:15,241.4,,
05/22/21 17:00:35,,157.3,
05/22/21 17:00:40,,157.3,149.5
05/22/21 17:00:45,,,149.5
05/22/21 17:01:10,240.8,,
05/22/21 17:01:15,240.8,,
05/22/21 17:01:35,,157.5,
05/22/21 17:01:40,,157.5,149.6
05/22/21 17:01:45,,,149.6
05/22/21 17:02:10,239.9,,
05/22/21 17:02:15,239.9,,
05/22/21 17:02:35,,157.7,
05/22/21 17:02:40,,157.7,149.8
05/22/21 17:02:45,,,149.8
05/22/21 17:03:10,240.2,,
05/22/21 17:03:15,240.2,,
05/22/21 17:03:35,,157.8,
05/22/21 17:03:40,,157.8,149.9
05/22/21 17:03:45,,,149.9
05/22/21 17:04:10,240.0,,
05/22/21 17:04:15,240.0,,
05/22/21 17:04:35,,158.0,
05/22/21 17:04:40,,158.0,150.0
05/22/21 17:04:45,,,150.0
05/22/21 17:05:10,239.3,,
05/22/21 17:05:15,239.3,,
05/22/21 17:05:35,,158.1,
05/22/21 17:05:40,,158.1,150.1
05/22/21 17:05:45,,,150.1
05/22/21 17:06:10,238.4,,
05/22/21 17:06:15,238.4,,
05/22/21 17:06:35,,158.3,
05/22/21 17:06:40,,158.3,150.2
05/22/21 17:06:45,,,150.2
05/22/21 17:07:10,238.7,,
05/22/21 17:07:15,238.7,,
05/22/21 17:07:35,,158.4,
05/22/21 17:07:40,,158.4,150.3
05/22/21 17:07:45,,,150.3
05/22/21 17:08:10,237.9,,
05/22/21 17:08:15,237.9,,
05/22/21 17:08:35,,158.5,
05/22/21 17:08:40,,158.5,150.4
05/22/21 17:08:45,,,150.4
05/22/21 17:09:10,237.6,,
05/22/21 17:09:15,237.6,,
05/22/21 17:09:35,,158.7,
05/22/21 17:09:40,,158.7,150.5
05/22/21 17:09:45,,,150.5
05/22/21 17:10:10,236.3,,
05/22/21 17:10:15,236.3,,
05/22/21 17:10:35,,158.8,
05/22/21 17:10:40,,158.8,150.7
05/22/21 17:10:45,,,150.7
05/22/21 17:11:10,235.7,,
05/22/21 17:11:15,235.7,,
05/22/21 17:11:35,,158.9,
05/22/21 17:11:40,,158.9,150.7
05/22/21 17:11:45,,,150.7
05/22/21 17:12:10,236.0,,
05/22/21 17:12:15,236.0,,
05/22/21 17:12:35,,159.0,
05/22/21 17:12:40,,159.0,150.8
05/22/21 17:12:45,,,150.8
05/22/21 17:13:10,235.9,,
05/22/21 17:13:15,235.9,,
05/22/21 17:13:35,,159.1,
05/22/21 17:13:40,,159.1,150.9
05/22/21 17:13:45,,,150.9
05/22/21 17:14:10,236.6,,
05/22/21 17:14:15,236.6,,
05/22/21 17:14:35,,159.2,
05/22/21 17:14:40,,159.2,151.0
05/22/21 17:14:45,,,151.0
05/22/21 17:15:10,237.7,,
05/22/21 17:15:15,237.7,,
05/22/21 17:15:35,,159.3,
05/22/21 17:15:40,,159.3,151.1
05/22/21 17:15:45,,,151.1
05/22/21 17:16:10,237.4,,
05/22/21 17:16:15,237.4,,
05/22/21 17:16:35,,159.4,
05/22/21 17:16:40,,159.4,151.2
05/22/21 17:16:45,,,151.2
05/22/21 17:17:10,234.1,,
05/22/21 17:17:15,234.1,,
05/22/21 17:17:35,,159.5,
05/22/21 17:17:40,,159.5,151.3
05/22/21 17:17:45,,,151.3
05/22/21 17:18:10,231.9,,
05/22/21 17:18:15,231.9,,
05/22/21 17:18:35,,159.6,
05/22/21 17:18:40,,159.6,151.3
05/22/21 17:18:45,,,151.3
05/22/21 17:19:10,229.9,,
05/22/21 17:19:15,229.9,,
05/22/21 17:19:35,,159.7,
05/22/21 17:19:40,,159.7,151.4
05/22/21 17:19:45,,,151.4
05/22/21 17:20:10,229.9,,
05/22/21 17:20:15,229.9,,
05/22/21 17:20:35,,159.8,
05/22/21 17:20:40,,159.8,151.5
05/22/21 17:20:45,,,151.5
05/22/21 17:21:10,229.7,,
05/22/21 17:21:15,229.7,,
05/22/21 17:21:35,,159.9,
05/22/21 17:21:40,,159.9,151.5
05/22/21 17:21:45,,,151.5
05/22/21 17:22:10,228.2,,
05/22/21 17:22:15,228.2,,
05/22/21 17:22:35,,159.9,
05/22/21 17:22:40,,159.9,151.6
05/22/21 17:22:45,,,151.6
05/22/21 17:23:10,228.5,,
05/22/21 17:23:15,228.5,,
05/22/21 17:23:35,,160.0,
05/22/21 17:23:40,,160.0,151.7
05/22/21 17:23:45,,,151.7
05/22/21 17:24:10,228.0,,
05/22/21 17:24:15,228.0,,
05/22/21 17:24:35,,160.1,
05/22/21 17:24:40,,160.1,151.7
05/22/21 17:24:45,,,151.7
05/22/21 17:25:10,226.5,,
05/22/21 17:25:15,226.5,,
05/22/21 17:25:35,,160.1,
05/22/21 17:25:40,,160.1,151.8
05/22/21 17:25:45,,,151.8
05/22/21 17:26:10,227.1,,
05/22/21 17:26:15,227.1,,
05/22/21 17:26:35,,160.2,
05/22/21 17:26:40,,160.2,151.9
05/22/21 17:26:45,,,151.9
05/22/21 17:27:10,227.2,,
05/22/21 17:27:15,227.2,,
05/22/21 17:27:35,,160.2,
05/22/21 17:27:40,,160.2,151.9
05/22/21 17:27:45,,,151.9
05/22/21 17:28:10,226.9,,
05/22/21 17:28:15,226.9,,
05/22/21 17:28:35,,160.3,
05/22/21 17:28:40,,160.3,152.0
05/22/21 17:28:45,,,152.0
05/22/21 17:29:10,227.4,,
05/22/21 17:29:15,227.4,,
05/22/21 17:29:35,,160.3,
05/22/21 17:29:40,,160.3,152.0
05/22/21 17:29:45,,,152.0
05/22/21 17:30:10,228.4,,
05/22/21 17:30:15,228.4,,
05/22/21 17:30:35,,160.3,
05/22/21 17:30:40,,160.3,152.1
05/22/21 17:30:45,,,152.1
05/22/21 17:31:10,229.6,,
05/22/21 17:31:15,229.6,,
05/22/21 17:31:35,,160.3,
05/22/21 17:31:40,,160.3,152.1
05/22/21 17:31:45,,,152.1
05/22/21 17:32:10,230.7,,
05/22/21 17:32:15,230.7,,
05/22/21 17:32:35,,160.3,
05/22/21 17:32:40,,160.3,152.2
05/22/21 17:32:45,,,152.2
05/22/21 17:33:10,230.9,,
05/22/21 17:33:15,230.9,,
05/22/21 17:33:35,,160.4,
05/22/21 17:33:40,,160.4,152.2
05/22/21 17:33:45,,,152.2
05/22/21 17:34:10,231.5,,
05/22/21 17:34:15,231.5,,
05/22/21 17:34:35,,160.4,
05/22/21 17:34:40,,160.4,152.3
05/22/21 17:34:45,,,152.3
05/22/21 17:35:10,232.5,,
05/22/21 17:35:15,232.5,,
05/22/21 17:35:35,,160.4,
05/22/21 17:35:40,,160.4,152.3
05/22/21 17:35:45,,,152.3
05/22/21 17:36:10,232.0,,
05/22/21 17:36:15,232.0,,
05/22/21 17:36:35,,160.5,
05/22/21 17:36:40,,160.5,152.3
05/22/21 17:36:45,,,152.3
05/22/21 17:37:10,232.5,,
05/22/21 17:37:15,232.5,,
05/22/21 17:37:35,,160.5,
05/22/21 17:37:40,,160.5,152.4
05/22/21 17:37:45,,,152.4
05/22/21 17:38:10,235.1,,
05/22/21 17:38:15,235.1,,
05/22/21 17:38:35,,160.5,
05/22/21 17:38:40,,160.5,152.4
05/22/21 17:38:45,,,152.4
05/22/21 17:39:10,236.1,,
05/22/21 17:39:15,236.1,,
05/22/21 17:39:35,,160.6,
05/22/21 17:39:40,,160.6,152.4
05/22/21 17:39:45,,,152.4
05/22/21 17:40:10,237.5,,
05/22/21 17:40:15,237.5,,
05/22/21 17:40:35,,160.6,
05/22/21 17:40:40,,160.6,152.5
05/22/21 17:40:45,,,152.5
05/22/21 17:41:10,237.6,,
05/22/21 17:41:15,237.6,,
05/22/21 17:41:35,,160.6,
05/22/21 17:41:40,,160.6,152.5
05/22/21 17:41:45,,,152.5
05/22/21 17:42:10,238.7,,
05/22/21 17:42:15,238.7,,
05/22/21 17:42:35,,160.7,
05/22/21 17:42:40,,160.7,152.5
05/22/21 17:42:45,,,152.5
05/22/21 17:43:10,238.6,,
05/22/21 17:43:15,238.6,,
05/22/21 17:43:35,,160.7,
05/22/21 17:43:40,,160.7,152.6
05/22/21 17:43:45,,,152.6
05/22/21 17:44:10,239.5,,
05/22/21 17:44:15,239.5,,
05/22/21 17:44:35,,160.7,
05/22/21 17:44:40,,160.7,152.6
05/22/21 17:44:45,,,152.6
05/22/21 17:45:10,239.4,,
05/22/21 17:45:15,239.4,,
05/22/21 17:45:35,,160.8,
05/22/21 17:45:40,,160.8,152.6
05/22/21 17:45:45,,,152.6
05/22/21 17:46:10,239.5,,
05/22/21 17:46:15,239.5,,
05/22/21 17:46:35,,160.8,
05/22/21 17:46:40,,160.8,152.6
05/22/21 17:46:45,,,152.6
05/22/21 17:47:10,240.0,,
05/22/21 17:47:15,240.0,,
05/22/21 17:47:35,,160.9,
05/22/21 17:47:40,,160.9,152.7
05/22/21 17:47:45,,,152.7
05/22/21 17:48:10,241.1,,
05/22/21 17:48:15,241.1,,
05/22/21 17:48:35,,160.9,
05/22/21 17:48:40,,160.9,152.7
05/22/21 17:48:45,,,152.7
05/22/21 17:49:10,241.3,,
05/22/21 17:49:15,241.3,,
05/22/21 17:49:35,,160.9,
05/22/21 17:49:40,,160.9,152.7
05/22/21 17:49:45,,,152.7
05/22/21 17:50:10,243.0,,
05/22/21 17:50:15,243.0,,
05/22/21 17:50:35,,161.0,
05/22/21 17:50:40,,161.0,152.7
05/22/21 17:50:45,,,152.7
05/22/21 17:51:10,243.1,,
05/22/21 17:51:15,243.1,,
05/22/21 17:51:35,,161.0,
05/22/21 17:51:40,,161.0,152.8
05/22/21 17:51:45,,,152.8
05/22/21 17:52:10,243.2,,
05/22/21 17:52:15,243.2,,
05/22/21 17:52:35,,161.0,
05/22/21 17:52:40,,161.0,152.8
05/22/21 17:52:45,,,152.8
05/22/21 17:53:10,243.2,,
05/22/21 17:53:15,243.2,,
05/22/21 17:53:35,,161.0,
05/22/21 17:53:40,,161.0,152.8
05/22/21 17:53:45,,,152.8
05/22/21 17:54:10,243.1,,
05/22/21 17:54:15,243.1,,
05/22/21 17:54:35,,161.1,
05/22/21 17:54:40,,161.1,152.9
05/22/21 17:54:45,,,152.9
05/22/21 17:55:10,243.4,,
05/22/21 17:55:15,243.4,,
05/22/21 17:55:35,,161.1,
05/22/21 17:55:40,,161.1,152.9
05/22/21 17:55:45,,,152.9
05/22/21 17:56:10,242.9,,
05/22/21 17:56:15,242.9,,
05/22/21 17:56:35,,161.1,
05/22/21 17:56:40,,161.1,152.9
05/22/21 17:56:45,,,152.9
05/22/21 17:57:10,240.4,,
05/22/21 17:57:15,240.4,,
05/22/21 17:57:35,,161.1,
05/22/21 17:57:40,,161.1,152.9
05/22/21 17:57:45,,,152.9
05/22/21 17:58:10,239.7,,
05/22/21 17:58:15,239.7,,
05/22/21 17:58:35,,161.2,
05/22/21 17:58:40,,161.2,153.0
05/22/21 17:58:45,,,153.0
05/22/21 17:59:10,239.7,,
05/22/21 17:59:15,239.7,,
05/22/21 17:59:35,,161.2,
05/22/21 17:59:40,,161.2,153.0
05/22/21 17:59:45,,,153.0
05/22/21 18:00:10,240.3,,
05/22/21 18:00:15,240.3,,
05/22/21 18:00:35,,161.2,
05/22/21 18:00:40,,161.2,153.0
05/22/21 18:00:45,,,153.0
05/22/21 18:01:10,240.3,,
05/22/21 18:01:15,240.3,,
05/22/21 18:01:35,,161.2,
05/22/21 18:01:40,,161.2,153.1
05/22/21 18:01:45,,,153.1
05/22/21 18:02:10,240.6,,
05/22/21 18:02:15,240.6,,
05/22/21 18:02:35,,161.2,
05/22/21 18:02:40,,161.2,153.1
05/22/21 18:02:45,,,153.1
05/22/21 18:03:10,240.4,,
05/22/21 18:03:15,240.4,,
05/22/21 18:03:35,,161.2,
05/22/21 18:03:40,,161.2,153.1
05/22/21 18:03:45,,,153.1
05/22/21 18:04:10,240.8,,
05/22/21 18:04:15,240.8,,
05/22/21 18:04:35,,161.3,
05/22/21 18:04:40,,161.3,153.2
05/22/21 18:04:45,,,153.2
05/22/21 18:05:10,241.5,,
05/22/21 18:05:15,241.5,,
05/22/21 18:05:35,,161.3,
05/22/21 18:05:40,,161.3,153.2
05/22/21 18:05:45,,,153.2
05/22/21 18:06:10,241.5,,
05/22/21 18:06:15,241.5,,
05/22/21 18:06:35,,161.3,
05/22/21 18:06:40,,161.3,153.3
05/22/21 18:06:45,,,153.3
05/22/21 18:07:10,242.0,,
05/22/21 18:07:15,242.0,,
05/22/21 18:07:35,,161.3,
05/22/21 18:07:40,,161.3,153.3
05/22/21 18:07:45,,,153.3
05/22/21 18:08:10,242.0,,
05/22/21 18:08:15,242.0,,
05/22/21 18:08:35,,161.4,
05/22/21 18:08:40,,161.4,153.4
05/22/21 18:08:45,,,153.4
05/22/21 18:09:10,242.8,,
05/22/21 18:09:15,242.8,,
05/22/21 18:09:35,,161.4,
05/22/21 18:09:40,,161.4,153.4
05/22/21 18:09:45,,,153.4
05/22/21 18:10:10,243.7,,
05/22/21 18:10:15,243.7,,
05/22/21 18:10:35,,161.4,
05/22/21 18:10:40,,161.4,153.4
05/22/21 18:10:45,,,153.4
05/22/21 18:11:10,242.5,,
05/22/21 18:11:15,242.5,,
05/22/21 18:11:35,,161.4,
05/22/21 18:11:40,,161.4,153.5
05/22/21 18:11:45,,,153.5
05/22/21 18:12:10,242.1,,
05/22/21 18:12:15,242.1,,
05/22/21 18:12:35,,161.4,
05/22/21 18:12:40,,161.4,153.5
05/22/21 18:12:45,,,153.5
05/22/21 18:13:10,241.5,,
05/22/21 18:13:15,241.5,,
05/22/21 18:13:35,,161.4,
05/22/21 18:13:40,,161.4,153.5
05/22/21 18:13:45,,,153.5
05/22/21 18:14:10,241.3,,
05/22/21 18:14:15,241.3,,
05/22/21 18:14:35,,161.4,
05/22/21 18:14:40,,161.4,153.6
05/22/21 18:14:45,,,153.6
05/22/21 18:15:10,242.0,,
05/22/21 18:15:15,242.0,,
05/22/21 18:15:35,,161.4,
05/22/21 18:15:40,,161.4,153.6
05/22/21 18:15:45,,,153.6
05/22/21 18:16:10,242.4,,
05/22/21 18:16:15,242.4,,
05/22/21 18:16:35,,161.5,
05/22/21 18:16:40,,161.5,153.7
05/22/21 18:16:45,,,153.7
05/22/21 18:17:10,241.2,,
05/22/21 18:17:15,241.2,,
05/22/21 18:17:35,,161.5,
05/22/21 18:17:40,,161.5,153.7
05/22/21 18:17:45,,,153.7
05/22/21 18:18:10,238.5,,
05/22/21 18:18:15,238.5,,
05/22/21 18:18:35,,161.5,
05/22/21 18:18:40,,161.5,153.8
05/22/21 18:18:45,,,153.8
05/22/21 18:19:10,237.2,,
05/22/21 18:19:15,237.2,,
05/22/21 18:19:35,,161.5,
05/22/21 18:19:40,,161.5,153.8
05/22/21 18:19:45,,,153.8
05/22/21 18:20:10,236.1,,
05/22/21 18:20:15,236.1,,
05/22/21 18:20:35,,161.5,
05/22/21 18:20:40,,161.5,153.9
05/22/21 18:20:45,,,153.9
05/22/21 18:21:10,235.3,,
05/22/21 18:21:15,235.3,,
05/22/21 18:21:35,,161.5,
05/22/21 18:21:40,,161.5,153.9
05/22/21 18:21:45,,,153.9
05/22/21 18:22:10,235.1,,
05/22/21 18:22:15,235.1,,
05/22/21 18:22:35,,161.5,
05/22/21 18:22:40,,161.5,154.0
05/22/21 18:22:45,,,154.0
05/22/21 18:23:10,234.4,,
05/22/21 18:23:15,234.4,,
05/22/21 18:23:35,,161.4,
05/22/21 18:23:40,,161.4,154.0
05/22/21 18:23:45,,,154.0
05/22/21 18:24:10,238.7,,
05/22/21 18:24:15,238.7,,
05/22/21 18:24:35,,161.5,
05/22/21 18:24:40,,161.5,154.0
05/22/21 18:24:45,,,154.0
05/22/21 18:25:10,244.1,,
05/22/21 18:25:15,244.1,,
05/22/21 18:25:35,,161.5,
05/22/21 18:25:40,,161.5,154.1
05/22/21 18:25:45,,,154.1
05/22/21 18:26:10,247.1,,
05/22/21 18:26:15,247.1,,
05/22/21 18:26:35,,161.5,
05/22/21 18:26:40,,161.5,154.1
05/22/21 18:26:45,,,154.1
05/22/21 18:27:10,247.2,,
05/22/21 18:27:15,247.2,,
05/22/21 18:27:35,,161.5,
05/22/21 18:27:40,,161.5,154.2
05/22/21 18:27:45,,,154.2
05/22/21 18:28:10,249.0,,
05/22/21 18:28:15,249.0,,
05/22/21 18:28:35,,161.6,
05/22/21 18:28:40,,161.6,154.2
05/22/21 18:28:45,,,154.2
05/22/21 18:29:10,249.6,,
05/22/21 18:29:15,249.6,,
05/22/21 18:29:35,,161.6,
05/22/21 18:29:40,,161.6,154.3
05/22/21 18:29:45,,,154.3
05/22/21 18:30:10,249.0,,
05/22/21 18:30:15,249.0,,
05/22/21 18:30:35,,161.6,
05/22/21 18:30:40,,161.6,154.3
05/22/21 18:30:45,,,154.3
05/22/21 18:31:10,249.1,,
05/22/21 18:31:15,249.1,,
05/22/21 18:31:35,,161.6,
05/22/21 18:31:40,,161.6,154.4
05/22/21 18:31:45,,,154.4
05/22/21 18:32:10,249.9,,
05/22/21 18:32:15,249.9,,
05/22/21 18:32:35,,161.6,
05/22/21 18:32:40,,161.6,154.4
05/22/21 18:32:45,,,154.4
05/22/21 18:33:10,250.4,,
05/22/21 18:33:15,250.4,,
05/22/21 18:33:35,,161.6,
05/22/21 18:33:40,,161.6,154.5
05/22/21 18:33:45,,,154.5
05/22/21 18:34:10,250.0,,
05/22/21 18:34:15,250.0,,
05/22/21 18:34:35,,161.6,
05/22/21 18:34:40,,161.6,154.5
05/22/21 18:34:45,,,154.5
05/22/21 18:35:10,251.4,,
05/22/21 18:35:15,251.4,,
05/22/21 18:35:35,,161.6,
05/22/21 18:35:40,,161.6,154.6
05/22/21 18:35:45,,,154.6
05/22/21 18:36:10,251.9,,
05/22/21 18:36:15,251.9,,
05/22/21 18:36:35,,161.6,
05/22/21 18:36:40,,161.6,154.6
05/22/21 18:36:45,,,154.6
05/22/21 18:37:10,251.4,,
05/22/21 18:37:15,251.4,,
05/22/21 18:37:35,,161.6,
05/22/21 18:37:40,,161.6,154.6
05/22/21 18:37:45,,,154.6
05/22/21 18:38:10,251.8,,
05/22/21 18:38:15,251.8,,
05/22/21 18:38:35,,161.6,
05/22/21 18:38:40,,161.6,154.7
05/22/21 18:38:45,,,154.7
05/22/21 18:39:10,250.9,,
05/22/21 18:39:15,250.9,,
05/22/21 18:39:35,,161.7,
05/22/21 18:39:40,,161.7,154.7
05/22/21 18:39:45,,,154.7
05/22/21 18:40:10,251.6,,
05/22/21 18:40:15,251.6,,
05/22/21 18:40:35,,161.7,
05/22/21 18:40:40,,161.7,154.8
05/22/21 18:40:45,,,154.8
05/22/21 18:41:10,251.4,,
05/22/21 18:41:15,251.4,,
05/22/21 18:41:35,,161.7,
05/22/21 18:41:40,,161.7,154.8
05/22/21 18:41:45,,,154.8
05/22/21 18:42:10,251.5,,
05/22/21 18:42:15,251.5,,
05/22/21 18:42:35,,161.8,
05/22/21 18:42:40,,161.8,154.8
05/22/21 18:42:45,,,154.8
05/22/21 18:43:10,252.0,,
05/22/21 18:43:15,252.0,,
05/22/21 18:43:35,,161.8,
05/22/21 18:43:40,,161.8,154.9
05/22/21 18:43:45,,,154.9
05/22/21 18:44:10,252.0,,
05/22/21 18:44:15,252.0,,
05/22/21 18:44:35,,161.8,
05/22/21 18:44:40,,161.8,154.9
05/22/21 18:44:45,,,154.9
05/22/21 18:45:10,251.2,,
05/22/21 18:45:15,251.2,,
05/22/21 18:45:35,,161.8,
05/22/21 18:45:40,,161.8,154.9
05/22/21 18:45:45,,,154.9
05/22/21 18:46:10,249.2,,
05/22/21 18:46:15,249.2,,
05/22/21 18:46:35,,161.8,
05/22/21 18:46:40,,161.8,155.0
05/22/21 18:46:45,,,155.0
05/22/21 18:47:10,237.7,,
05/22/21 18:47:15,237.7,,
05/22/21 18:47:35,,161.9,
05/22/21 18:47:40,,161.9,155.0
05/22/21 18:47:45,,,155.0
05/22/21 18:48:10,231.2,,
05/22/21 18:48:15,231.2,,
05/22/21 18:48:35,,161.9,
05/22/21 18:48:40,,161.9,155.0
05/22/21 18:48:45,,,155.0
05/22/21 18:49:10,228.3,,
05/22/21 18:49:15,228.3,,
05/22/21 18:49:35,,161.9,
05/22/21 18:49:40,,161.9,155.1
05/22/21 18:49:45,,,155.1
05/22/21 18:50:10,227.5,,
05/22/21 18:50:15,227.5,,
05/22/21 18:50:35,,161.9,
05/22/21 18:50:40,,161.9,155.1
05/22/21 18:50:45,,,155.1
05/22/21 18:51:10,227.1,,
05/22/21 18:51:15,227.1,,
05/22/21 18:51:35,,161.9,
05/22/21 18:51:40,,161.9,155.2
05/22/21 18:51:45,,,155.2
05/22/21 18:52:10,227.4,,
05/22/21 18:52:15,227.4,,
05/22/21 18:52:35,,161.9,
05/22/21 18:52:40,,161.9,155.2
05/22/21 18:52:45,,,155.2
05/22/21 18:53:10,227.9,,
05/22/21 18:53:15,227.9,,
05/22/21 18:53:35,,161.9,
05/22/21 18:53:40,,161.9,155.2
05/22/21 18:53:45,,,155.2
05/22/21 18:54:10,228.2,,
05/22/21 18:54:15,228.2,,
05/22/21 18:54:35,,161.9,
05/22/21 18:54:40,,161.9,155.3
05/22/21 18:54:45,,,155.3
05/22/21 18:55:10,228.4,,
05/22/21 18:55:15,228.4,,
05/22/21 18:55:35,,161.9,
05/22/21 18:55:40,,161.9,155.3
05/22/21 18:55:45,,,155.3
05/22/21 18:56:10,229.0,,
05/22/21 18:56:15,229.0,,
05/22/21 18:56:35,,161.9,
05/22/21 18:56:40,,161.9,155.3
05/22/21 18:56:45,,,155.3
05/22/21 18:57:10,229.5,,
05/22/21 18:57:15,229.5,,
05/22/21 18:57:35,,161.8,
05/22/21 18:57:40,,161.8,155.4
05/22/21 18:57:45,,,155.4
05/22/21 18:58:10,229.4,,
05/22/21 18:58:15,229.4,,
05/22/21 18:58:35,,161.8,
05/22/21 18:58:40,,161.8,155.4
05/22/21 18:58:45,,,155.4
05/22/21 18:59:10,229.9,,
05/22/21 18:59:15,229.9,,
05/22/21 18:59:35,,161.8,
05/22/21 18:59:40,,161.8,155.4
05/22/21 18:59:45,,,155.4
05/22/21 19:00:10,231.7,,
05/22/21 19:00:15,231.7,,
05/22/21 19:00:35,,161.7,
05/22/21 19:00:40,,161.7,155.4
05/22/21 19:00:45,,,155.4
05/22/21 19:01:10,233.1,,
05/22/21 19:01:15,233.1,,
05/22/21 19:01:35,,161.7,
05/22/21 19:01:40,,161.7,155.5
05/22/21 19:01:45,,,155.5
05/22/21 19:02:10,233.9,,
05/22/21 19:02:15,233.9,,
05/22/21 19:02:35,,161.6,
05/22/21 19:02:40,,161.6,155.5
05/22/21 19:02:45,,,155.5
05/22/21 19:03:10,235.2,,
05/22/21 19:03:15,235.2,,
05/22/21 19:03:35,,161.6,
05/22/21 19:03:40,,161.6,155.5
05/22/21 19:03:45,,,155.5
05/22/21 19:04:10,235.1,,
05/22/21 19:04:15,235.1,,
05/22/21 19:04:35,,161.6,
05/22/21 19:04:40,,161.6,155.5
05/22/21 19:04:45,,,155.5
05/22/21 19:05:10,235.9,,
05/22/21 19:05:15,235.9,,
05/22/21 19:05:35,,161.6,
05/22/21 19:05:40,,161.6,155.5
05/22/21 19:05:45,,,155.5
05/22/21 19:06:10,235.5,,
05/22/21 19:06:15,235.5,,
05/22/21 19:06:35,,161.6,
05/22/21 19:06:40,,161.6,155.5
05/22/21 19:06:45,,,155.5
05/22/21 19:07:10,236.3,,
05/22/21 19:07:15,236.3,,
05/22/21 19:07:35,,161.6,
05/22/21 19:07:40,,161.6,155.6
05/22/21 19:07:45,,,155.6
05/22/21 19:08:10,237.3,,
05/22/21 19:08:15,237.3,,
05/22/21 19:08:35,,161.6,
05/22/21 19:08:40,,161.6,155.6
05/22/21 19:08:45,,,155.6
05/22/21 19:09:10,238.5,,
05/22/21 19:09:15,238.5,,
05/22/21 19:09:35,,161.6,
05/22/21 19:09:40,,161.6,155.6
05/22/21 19:09:45,,,155.6
05/22/21 19:10:10,239.3,,
05/22/21 19:10:15,239.3,,
05/22/21 19:10:35,,161.6,
05/22/21 19:10:40,,161.6,155.6
05/22/21 19:10:45,,,155.6
05/22/21 19:11:10,238.9,,
05/22/21 19:11:15,238.9,,
05/22/21 19:11:35,,161.6,
05/22/21 19:11:40,,161.6,155.6
05/22/21 19:11:45,,,155.6
05/22/21 19:12:10,239.7,,
05/22/21 19:12:15,239.7,,
05/22/21 19:12:35,,161.7,
05/22/21 19:12:40,,161.7,155.6
05/22/21 19:12:45,,,155.6
05/22/21 19:13:10,241.3,,
05/22/21 19:13:15,241.3,,
05/22/21 19:13:35,,161.7,
05/22/21 19:13:40,,161.7,155.6
05/22/21 19:13:45,,,155.6
05/22/21 19:14:10,241.1,,
05/22/21 19:14:15,241.1,,
05/22/21 19:14:35,,161.7,
05/22/21 19:14:40,,161.7,155.6
05/22/21 19:14:45,,,155.6
05/22/21 19:15:10,242.2,,
05/22/21 19:15:15,242.2,,
05/22/21 19:15:35,,161.7,
05/22/21 19:15:40,,161.7,155.6
05/22/21 19:15:45,,,155.6
05/22/21 19:16:10,244.0,,
05/22/21 19:16:15,244.0,,
05/22/21 19:16:35,,161.7,
05/22/21 19:16:40,,161.7,155.6
05/22/21 19:16:45,,,155.6
05/22/21 19:17:10,245.0,,
05/22/21 19:17:15,245.0,,
05/22/21 19:17:35,,161.7,
05/22/21 19:17:40,,161.7,155.6
05/22/21 19:17:45,,,155.6
05/22/21 19:18:10,245.3,,
05/22/21 19:18:15,245.3,,
05/22/21 19:18:35,,161.7,
05/22/21 19:18:40,,161.7,155.6
05/22/21 19:18:45,,,155.6
05/22/21 19:19:10,245.6,,
05/22/21 19:19:15,245.6,,
05/22/21 19:19:35,,161.7,
05/22/21 19:19:40,,161.7,155.6
05/22/21 19:19:45,,,155.6
05/22/21 19:20:10,246.7,,
05/22/21 19:20:15,246.7,,
05/22/21 19:20:35,,161.7,
05/22/21 19:20:40,,161.7,155.6
05/22/21 19:20:45,,,155.6
05/22/21 19:21:10,247.2,,
05/22/21 19:21:15,247.2,,
05/22/21 19:21:35,,161.8,
05/22/21 19:21:40,,161.8,155.6
05/22/21 19:21:45,,,155.6
05/22/21 19:22:10,248.1,,
05/22/21 19:22:15,248.1,,
05/22/21 19:22:35,,161.8,
05/22/21 19:22:40,,161.8,155.6
05/22/21 19:22:45,,,155.6
05/22/21 19:23:10,247.9,,
05/22/21 19:23:15,247.9,,
05/22/21 19:23:35,,161.8,
05/22/21 19:23:40,,161.8,155.6
05/22/21 19:23:45,,,155.6
05/22/21 19:24:10,247.4,,
05/22/21 19:24:15,247.4,,
05/22/21 19:24:35,,161.8,
05/22/21 19:24:40,,161.8,155.6
05/22/21 19:24:45,,,155.6
05/22/21 19:25:10,246.8,,
05/22/21 19:25:15,246.8,,
05/22/21 19:25:35,,161.8,
05/22/21 19:25:40,,161.8,155.7
05/22/21 19:25:45,,,155.7
05/22/21 19:26:10,247.0,,
05/22/21 19:26:15,247.0,,
05/22/21 19:26:35,,161.9,
05/22/21 19:26:40,,161.9,155.7
05/22/21 19:26:45,,,155.7
05/22/21 19:27:10,247.8,,
05/22/21 19:27:15,247.8,,
05/22/21 19:27:35,,161.9,
05/22/21 19:27:40,,161.9,155.7
05/22/21 19:27:45,,,155.7
05/22/21 19:28:10,248.9,,
05/22/21 19:28:15,248.9,,
05/22/21 19:28:35,,162.0,
05/22/21 19:28:40,,162.0,155.7
05/22/21 19:28:45,,,155.7
05/22/21 19:29:10,248.6,,
05/22/21 19:29:15,248.6,,
05/22/21 19:29:35,,162.0,
05/22/21 19:29:40,,162.0,155.7
05/22/21 19:29:45,,,155.7
05/22/21 19:30:10,247.4,,
05/22/21 19:30:15,247.4,,
05/22/21 19:30:35,,162.0,
05/22/21 19:30:40,,162.0,155.7
05/22/21 19:30:45,,,155.7
05/22/21 19:31:10,248.2,,
05/22/21 19:31:15,248.2,,
05/22/21 19:31:35,,162.1,
05/22/21 19:31:40,,162.1,155.8
05/22/21 19:31:45,,,155.8
05/22/21 19:32:10,248.6,,
05/22/21 19:32:15,248.6,,
05/22/21 19:32:35,,162.1,
05/22/21 19:32:40,,162.1,155.8
05/22/21 19:32:45,,,155.8
05/22/21 19:33:10,247.8,,
05/22/21 19:33:15,247.8,,
05/22/21 19:33:35,,162.1,
05/22/21 19:33:40,,162.1,155.8
05/22/21 19:33:45,,,155.8
05/22/21 19:34:10,248.0,,
05/22/21 19:34:15,248.0,,
05/22/21 19:34:35,,162.2,
05/22/21 19:34:40,,162.2,155.8
05/22/21 19:34:45,,,155.8
05/22/21 19:35:10,247.7,,
05/22/21 19:35:15,247.7,,
05/22/21 19:35:35,,162.2,
05/22/21 19:35:40,,162.2,155.9
05/22/21 19:35:45,,,155.9
05/22/21 19:36:10,247.1,,
05/22/21 19:36:15,247.1,,
05/22/21 19:36:35,,162.2,
05/22/21 19:36:40,,162.2,155.9
05/22/21 19:36:45,,,155.9
05/22/21 19:37:10,247.7,,
05/22/21 19:37:15,247.7,,
05/22/21 19:37:35,,162.2,
05/22/21 19:37:40,,162.2,155.9
05/22/21 19:37:45,,,155.9
05/22/21 19:38:10,247.1,,
05/22/21 19:38:15,247.1,,
05/22/21 19:38:35,,162.3,
05/22/21 19:38:40,,162.3,156.0
05/22/21 19:38:45,,,156.0
05/22/21 19:39:10,246.2,,
05/22/21 19:39:15,246.2,,
05/22/21 19:39:35,,162.3,
05/22/21 19:39:40,,162.3,156.0
05/22/21 19:39:45,,,156.0
05/22/21 19:40:10,246.2,,
05/22/21 19:40:15,246.2,,
05/22/21 19:40:35,,162.3,
05/22/21 19:40:40,,162.3,156.0
05/22/21 19:40:45,,,156.0
05/22/21 19:41:10,246.3,,
05/22/21 19:41:15,246.3,,
05/22/21 19:41:35,,162.3,
05/22/21 19:41:40,,162.3,156.1
05/22/21 19:41:45,,,156.1
05/22/21 19:42:10,246.6,,
05/22/21 19:42:15,246.6,,
05/22/21 19:42:35,,162.3,
05/22/21 19:42:40,,162.3,156.1
05/22/21 19:42:45,,,156.1
05/22/21 19:43:10,248.0,,
05/22/21 19:43:15,248.0,,
05/22/21 19:43:35,,162.4,
05/22/21 19:43:40,,162.4,156.1
05/22/21 19:43:45,,,156.1
05/22/21 19:44:10,247.1,,
05/22/21 19:44:15,247.1,,
05/22/21 19:44:35,,162.4,
05/22/21 19:44:40,,162.4,156.2
05/22/21 19:44:45,,,156.2
05/22/21 19:45:10,247.2,,
05/22/21 19:45:15,247.2,,
05/22/21 19:45:35,,162.4,
05/22/21 19:45:40,,162.4,156.2
05/22/21 19:45:45,,,156.2
05/22/21 19:46:10,247.6,,
05/22/21 19:46:15,247.6,,
05/22/21 19:46:35,,162.5,
05/22/21 19:46:40,,162.5,156.3
05/22/21 19:46:45,,,156.3
05/22/21 19:47:10,246.2,,
05/22/21 19:47:15,246.2,,
05/22/21 19:47:35,,162.5,
05/22/21 19:47:40,,162.5,156.3
05/22/21 19:47:45,,,156.3
05/22/21 19:48:10,245.1,,
05/22/21 19:48:15,245.1,,
05/22/21 19:48:35,,162.6,
05/22/21 19:48:40,,162.6,156.4
05/22/21 19:48:45,,,156.4
05/22/21 19:49:10,244.8,,
05/22/21 19:49:15,244.8,,
05/22/21 19:49:35,,162.6,
05/22/21 19:49:40,,162.6,156.4
05/22/21 19:49:45,,,156.4
05/22/21 19:50:10,244.4,,
05/22/21 19:50:15,244.4,,
05/22/21 19:50:35,,162.6,
05/22/21 19:50:40,,162.6,156.5
05/22/21 19:50:45,,,156.5
05/22/21 19:51:10,243.2,,
05/22/21 19:51:15,243.2,,
05/22/21 19:51:35,,162.6,
05/22/21 19:51:40,,162.6,156.5
05/22/21 19:51:45,,,156.5
05/22/21 19:52:10,242.5,,
05/22/21 19:52:15,242.5,,
05/22/21 19:52:35,,162.7,
05/22/21 19:52:40,,162.7,156.6
05/22/21 19:52:45,,,156.6
05/22/21 19:53:10,242.1,,
05/22/21 19:53:15,242.1,,
05/22/21 19:53:35,,162.7,
05/22/21 19:53:40,,162.7,156.6
05/22/21 19:53:45,,,156.6
05/22/21 19:54:10,241.3,,
05/22/21 19:54:15,241.3,,
05/22/21 19:54:35,,162.7,
05/22/21 19:54:40,,162.7,156.7
05/22/21 19:54:45,,,156.7
05/22/21 19:55:10,239.9,,
05/22/21 19:55:15,239.9,,
05/22/21 19:55:35,,162.8,
05/22/21 19:55:40,,162.8,156.7
05/22/21 19:55:45,,,156.7
05/22/21 19:56:10,239.9,,
05/22/21 19:56:15,239.9,,
05/22/21 19:56:35,,162.8,
05/22/21 19:56:40,,162.8,156.8
05/22/21 19:56:45,,,156.8
05/22/21 19:57:10,239.7,,
05/22/21 19:57:15,239.7,,
05/22/21 19:57:35,,162.8,
05/22/21 19:57:40,,162.8,156.8
05/22/21 19:57:45,,,156.8
05/22/21 19:58:10,239.3,,
05/22/21 19:58:15,239.3,,
05/22/21 19:58:35,,162.9,
05/22/21 19:58:40,,162.9,156.9
05/22/21 19:58:45,,,156.9
05/22/21 19:59:10,239.6,,
05/22/21 19:59:15,239.6,,
05/22/21 19:59:35,,162.9,
05/22/21 19:59:40,,162.9,156.9
05/22/21 19:59:45,,,156.9
05/22/21 20:00:10,240.1,,
05/22/21 20:00:15,240.1,,
05/22/21 20:00:35,,162.9,
05/22/21 20:00:40,,162.9,157.0
05/22/21 20:00:45,,,157.0
05/22/21 20:01:10,241.1,,
05/22/21 20:01:15,241.1,,
05/22/21 20:01:35,,162.9,
05/22/21 20:01:40,,162.9,157.0
05/22/21 20:01:45,,,157.0
05/22/21 20:02:10,236.6,,
05/22/21 20:02:15,236.6,,
05/22/21 20:02:35,,163.0,
05/22/21 20:02:40,,163.0,157.1
05/22/21 20:02:45,,,157.1
05/22/21 20:03:10,233.3,,
05/22/21 20:03:15,233.3,,
05/22/21 20:03:35,,163.0,
05/22/21 20:03:40,,163.0,157.1
05/22/21 20:03:45,,,157.1
05/22/21 20:04:10,233.3,,
05/22/21 20:04:15,233.3,,
05/22/21 20:04:35,,163.0,
05/22/21 20:04:40,,163.0,157.2
05/22/21 20:04:45,,,157.2
05/22/21 20:05:10,231.1,,
05/22/21 20:05:15,231.1,,
05/22/21 20:05:35,,163.0,
05/22/21 20:05:40,,163.0,157.2
05/22/21 20:05:45,,,157.2
05/22/21 20:06:10,230.1,,
05/22/21 20:06:15,230.1,,
05/22/21 20:06:35,,163.0,
05/22/21 20:06:40,,163.0,157.3
05/22/21 20:06:45,,,157.3
05/22/21 20:07:10,229.4,,
05/22/21 20:07:15,229.4,,
05/22/21 20:07:35,,163.0,
05/22/21 20:07:40,,163.0,157.3
05/22/21 20:07:45,,,157.3
05/22/21 20:08:10,228.4,,
05/22/21 20:08:15,228.4,,
05/22/21 20:08:35,,163.0,
05/22/21 20:08:40,,163.0,157.4
05/22/21 20:08:45,,,157.4
05/22/21 20:09:10,228.0,,
05/22/21 20:09:15,228.0,,
05/22/21 20:09:35,,163.0,
05/22/21 20:09:40,,163.0,157.4
05/22/21 20:09:45,,,157.4
05/22/21 20:10:10,227.9,,
05/22/21 20:10:15,227.9,,
05/22/21 20:10:35,,163.0,
05/22/21 20:10:40,,163.0,157.5
05/22/21 20:10:45,,,157.5
05/22/21 20:11:10,228.7,,
05/22/21 20:11:15,228.7,,
05/22/21 20:11:35,,163.1,
05/22/21 20:11:40,,163.1,157.5
05/22/21 20:11:45,,,157.5
05/22/21 20:12:10,228.7,,
05/22/21 20:12:15,228.7,,
05/22/21 20:12:35,,163.1,
05/22/21 20:12:40,,163.1,157.5
05/22/21 20:12:45,,,157.5
05/22/21 20:13:10,227.4,,
05/22/21 20:13:15,227.4,,
05/22/21 20:13:35,,163.2,
05/22/21 20:13:40,,163.2,157.6
05/22/21 20:13:45,,,157.6
05/22/21 20:14:10,229.0,,
05/22/21 20:14:15,229.0,,
05/22/21 20:14:35,,163.3,
05/22/21 20:14:40,,163.3,157.6
05/22/21 20:14:45,,,157.6
05/22/21 20:15:10,227.8,,
05/22/21 20:15:15,227.8,,
05/22/21 20:15:35,,163.3,
05/22/21 20:15:40,,163.3,157.6
05/22/21 20:15:45,,,157.6
05/22/21 20:16:10,224.9,,
05/22/21 20:16:15,224.9,,
05/22/21 20:16:35,,163.4,
05/22/21 20:16:40,,163.4,157.7
05/22/21 20:16:45,,,157.7
05/22/21 20:17:10,224.5,,
05/22/21 20:17:15,224.5,,
05/22/21 20:17:35,,163.4,
05/22/21 20:17:40,,163.4,157.7
05/22/21 20:17:45,,,157.7
05/22/21 20:18:10,193.2,,
05/22/21 20:18:15,193.2,,
05/22/21 20:18:35,,173.2,
05/22/21 20:18:40,,173.2,157.8
05/22/21 20:18:45,,,157.8
05/22/21 20:19:10,169.9,,
05/22/21 20:19:15,169.9,,
05/22/21 20:19:35,,177.9,
05/22/21 20:19:40,,177.9,102.8
05/22/21 20:19:45,,,102.8
05/22/21 20:20:35,,178.5,
05/22/21 20:20:40,,178.5,161.0
05/22/21 20:20:45,,,161.0
05/22/21 20:25:25,,178.0,169.0
05/22/21 20:25:30,,178.0,169.0
05/22/21 20:26:25,,177.3,168.8
05/22/21 20:26:30,,177.3,168.8
05/22/21 20:27:25,,176.6,168.5
05/22/21 20:27:30,,176.6,168.5
05/22/21 20:28:25,,176.0,168.2
05/22/21 20:28:30,,176.0,168.2
05/22/21 20:29:25,,175.4,167.8
05/22/21 20:29:30,,175.4,167.8
05/22/21 20:30:25,,174.9,167.4
05/22/21 20:30:30,,174.9,167.4
05/22/21 20:31:25,,174.6,167.0
05/22/21 20:31:30,,174.6,167.0
05/22/21 20:32:25,,174.4,166.7
05/22/21 20:32:30,,174.4,166.7
05/22/21 20:33:25,,174.3,166.4
05/22/21 20:33:30,,174.3,166.4
05/22/21 20:34:25,,174.4,166.2
05/22/21 20:34:30,,174.4,166.2
05/22/21 20:35:25,,174.5,166.0
05/22/21 20:35:30,,174.5,166.0
05/22/21 20:36:25,,174.7,165.9
05/22/21 20:36:30,,174.7,165.9
05/22/21 20:37:25,,175.0,165.8
05/22/21 20:37:30,,175.0,165.8
05/22/21 20:38:25,,175.3,165.7
05/22/21 20:38:30,,175.3,165.7
05/22/21 20:39:25,,175.8,165.7
05/22/21 20:39:30,,175.8,165.7
05/22/21 20:40:25,,176.2,165.7
05/22/21 20:40:30,,176.2,165.7
05/22/21 20:41:25,,176.7,165.8
05/22/21 20:41:30,,176.7,165.8
05/22/21 20:42:25,,177.2,165.9
05/22/21 20:42:30,,177.2,165.9
05/22/21 20:43:25,,177.7,166.1
05/22/21 20:43:30,,177.7,166.1
05/22/21 20:44:25,,178.2,166.2
05/22/21 20:44:30,,178.2,166.2
05/22/21 20:45:20,,178.6,166.4
05/22/21 20:45:25,,178.7,166.4
05/22/21 20:45:30,,178.7,166.4
05/22/21 20:46:25,,179.2,166.6
05/22/21 20:46:30,,179.2,166.6
05/22/21 20:47:25,,179.7,166.8
05/22/21 20:47:30,,179.7,166.8
05/22/21 20:48:25,,180.2,167.0
05/22/21 20:48:30,,180.2,167.0
05/22/21 20:49:25,,180.8,167.2
05/22/21 20:49:30,,180.8,167.2
05/22/21 20:50:25,,181.2,167.5
05/22/21 20:50:30,,181.2,167.5
05/22/21 20:51:25,,181.7,167.8
05/22/21 20:51:30,,181.7,167.8
05/22/21 20:52:25,,182.1,168.0
05/22/21 20:52:30,,182.1,168.0
05/22/21 20:53:25,,182.6,168.3
05/22/21 20:53:30,,182.6,168.3
05/22/21 20:54:25,,183.1,168.6
05/22/21 20:54:30,,183.1,168.6
05/22/21 20:55:25,,183.5,168.9
05/22/21 20:55:30,,183.5,168.9
05/22/21 20:56:25,,184.0,169.2
05/22/21 20:56:30,,184.0,169.2
05/22/21 20:57:25,,184.5,169.6
05/22/21 20:57:30,,184.5,169.6
05/22/21 20:58:25,,184.9,169.9
05/22/21 20:58:30,,184.9,169.9
05/22/21 20:59:25,,185.3,170.2
05/22/21 20:59:30,,185.3,170.2
05/22/21 21:00:25,,185.7,170.6
05/22/21 21:00:30,,185.7,170.6
05/22/21 21:01:25,,186.0,170.9
05/22/21 21:01:30,,186.0,170.9
05/22/21 21:02:25,,186.3,171.2
05/22/21 21:02:30,,186.3,171.2
05/22/21 21:03:25,,186.6,171.6
05/22/21 21:03:30,,186.6,171.6
05/22/21 21:04:25,,187.0,171.9
05/22/21 21:04:30,,187.0,171.9
05/22/21 21:05:25,,187.4,172.3
05/22/21 21:05:30,,187.4,172.3
05/22/21 21:06:25,,187.7,172.7
05/22/21 21:06:30,,187.7,172.7
05/22/21 21:07:25,,188.1,173.0
05/22/21 21:07:30,,188.1,173.0
05/22/21 21:08:25,,188.4,173.4
05/22/21 21:08:30,,188.4,173.4
05/22/21 21:09:25,,188.6,173.8
05/22/21 21:09:30,,188.6,173.8
05/22/21 21:10:25,,189.0,174.2
05/22/21 21:10:30,,189.0,174.2
05/22/21 21:11:25,,189.2,174.6
05/22/21 21:11:30,,189.2,174.6
05/22/21 21:12:25,,189.5,175.0
05/22/21 21:12:30,,189.5,175.0
05/22/21 21:13:25,,189.7,175.4
05/22/21 21:13:30,,189.7,175.4
05/22/21 21:14:25,,190.1,175.8
05/22/21 21:14:30,,190.1,175.8
05/22/21 21:15:25,,190.3,176.3
05/22/21 21:15:30,,190.3,176.3
05/22/21 21:16:25,,190.7,176.7
05/22/21 21:16:30,,190.7,176.7
05/22/21 21:17:25,,191.0,177.2
05/22/21 21:17:30,,191.0,177.2
05/22/21 21:18:25,,191.3,177.6
05/22/21 21:18:30,,191.3,177.6
05/22/21 21:19:25,,191.5,178.1
05/22/21 21:19:30,,191.5,178.1
05/22/21 21:20:25,,191.8,178.5
05/22/21 21:20:30,,191.8,178.5
05/22/21 21:21:25,,192.1,178.9
05/22/21 21:21:30,,192.1,178.9
05/22/21 21:22:25,,192.3,179.3
05/22/21 21:22:30,,192.3,179.3
05/22/21 21:23:25,,192.6,179.8
05/22/21 21:23:30,,192.6,179.8
05/22/21 21:24:25,,192.8,180.2
05/22/21 21:24:30,,192.8,180.2
05/22/21 21:25:25,,193.1,180.6
05/22/21 21:25:30,,193.1,180.6
05/22/21 21:26:25,,193.4,181.1
05/22/21 21:26:30,,193.4,181.1
05/22/21 21:27:25,,193.7,181.5
05/22/21 21:27:30,,193.7,181.5
05/22/21 21:28:25,,194.0,181.9
05/22/21 21:28:30,,194.0,181.9
05/22/21 21:29:25,,194.2,182.3
05/22/21 21:29:30,,194.2,182.3
05/22/21 21:30:25,,194.4,182.7
05/22/21 21:30:30,,194.4,182.7
05/22/21 21:31:25,,194.6,183.1
05/22/21 21:31:30,,194.6,183.1
05/22/21 21:32:25,,194.9,183.5
05/22/21 21:32:30,,194.9,183.5
05/22/21 21:33:25,,195.2,183.9
05/22/21 21:33:30,,195.2,183.9
05/22/21 21:34:25,,195.4,184.3
05/22/21 21:34:30,,195.4,184.3
05/22/21 21:35:25,,195.7,184.7
05/22/21 21:35:30,,195.7,184.7
05/22/21 21:36:25,,196.1,185.1
05/22/21 21:36:30,,196.1,185.1
05/22/21 21:37:25,,196.3,185.5
05/22/21 21:37:30,,196.3,185.5
05/22/21 21:38:25,,196.7,185.9
05/22/21 21:38:30,,196.7,185.9
05/22/21 21:39:25,,197.0,186.4
05/22/21 21:39:30,,197.0,186.4
05/22/21 21:40:25,,197.3,186.8
05/22/21 21:40:30,,197.3,186.8
05/22/21 21:41:25,,197.6,187.2
05/22/21 21:41:30,,197.6,187.2
05/22/21 21:42:25,,198.0,187.6
05/22/21 21:42:30,,198.0,187.6
05/22/21 21:43:25,,198.2,188.0
05/22/21 21:43:30,,198.2,188.0
05/22/21 21:44:25,,198.6,188.4
05/22/21 21:44:30,,198.6,188.4
05/22/21 21:45:25,,198.9,188.8
05/22/21 21:45:30,,198.9,188.8
05/22/21 21:46:25,,199.2,189.2
05/22/21 21:46:30,,199.2,189.2
05/22/21 21:47:25,,199.5,189.6
05/22/21 21:47:30,,199.5,189.6
05/22/21 21:48:25,,199.9,190.0
05/22/21 21:48:30,,199.9,190.0
05/22/21 21:49:25,,200.2,190.4
05/22/21 21:49:30,,200.2,190.4
05/22/21 21:50:25,,200.5,190.8
05/22/21 21:50:30,,200.5,190.8
05/22/21 21:51:25,,200.8,191.2
05/22/21 21:51:30,,200.8,191.2
05/22/21 21:52:25,,201.1,191.6
05/22/21 21:52:30,,201.1,191.6
05/22/21 21:53:25,,201.5,192.0
05/22/21 21:53:30,,201.5,192.0
05/22/21 21:54:25,,201.8,192.4
05/22/21 21:54:30,,201.8,192.4
05/22/21 21:55:25,,202.0,192.8
05/22/21 21:55:30,,202.0,192.8
05/22/21 21:56:25,,202.4,193.2
05/22/21 21:56:30,,202.4,193.2
05/22/21 21:57:25,,202.6,193.6
05/22/21 21:57:30,,202.6,193.6
05/22/21 21:58:25,,202.9,193.9
05/22/21 21:58:30,,202.9,193.9
05/22/21 21:59:25,,203.2,194.3
05/22/21 21:59:30,,203.2,194.3
05/22/21 21:59:45,,203.3,194.4
05/22/21 21:59:50,,203.3,194.4
05/22/21 22:00:25,,203.5,194.7
05/22/21 22:00:30,,203.5,194.7
05/22/21 22:00:45,,203.6,194.8
05/22/21 22:00:50,,203.6,194.8
05/22/21 22:01:25,,203.7,195.0
05/22/21 22:01:30,,203.7,195.0
05/22/21 22:01:45,,203.8,195.2
05/22/21 22:01:50,,203.8,195.2
05/22/21 22:02:25,,204.0,195.4
05/22/21 22:02:30,,204.0,195.4
05/22/21 22:02:45,,204.1,195.5
05/22/21 22:02:50,,204.1,195.5
05/22/21 22:03:25,,204.3,195.8
05/22/21 22:03:30,,204.3,195.8
05/22/21 22:03:45,,204.3,195.9
05/22/21 22:03:50,,204.3,195.9
05/22/21 22:04:25,,204.4,196.1
05/22/21 22:04:30,,204.4,196.1
05/22/21 22:04:45,,204.5,196.2
05/22/21 22:04:50,,204.5,196.2
05/22/21 22:05:25,,204.7,196.4
05/22/21 22:05:30,,204.7,196.4
05/22/21 22:05:45,,204.8,196.5
05/22/21 22:05:50,,204.8,196.5
05/22/21 22:06:25,,205.0,196.8
05/22/21 22:06:30,,205.0,196.8
05/22/21 22:06:45,,205.1,196.9
05/22/21 22:06:50,,205.1,196.9
05/22/21 22:07:25,,205.2,197.1
05/22/21 22:07:30,,205.2,197.1
05/22/21 22:07:45,,205.3,197.2
05/22/21 22:07:50,,205.3,197.2
05/22/21 22:08:25,,205.5,197.4
05/22/21 22:08:30,,205.5,197.4
05/22/21 22:08:45,,205.5,197.5
05/22/21 22:08:50,,205.5,197.5
05/22/21 22:09:25,,205.7,197.8
05/22/21 22:09:30,,205.7,197.8
05/22/21 22:09:45,,205.8,197.9
05/22/21 22:09:50,,205.8,197.9
05/22/21 22:10:25,,206.0,198.1
05/22/21 22:10:30,,206.0,198.1
05/22/21 22:10:45,,206.0,198.2
05/22/21 22:10:50,,206.0,198.2
05/22/21 22:11:25,,206.1,198.4
05/22/21 22:11:30,,206.1,198.4
05/22/21 22:11:45,,206.2,198.5
05/22/21 22:11:50,,206.2,198.5
05/22/21 22:12:25,,206.3,198.7
05/22/21 22:12:30,,206.3,198.7
05/22/21 22:12:45,,206.4,198.8
05/22/21 22:12:50,,206.4,198.8
05/22/21 22:13:25,,206.6,199.0
05/22/21 22:13:30,,206.6,199.0
05/22/21 22:13:45,,206.7,199.2
05/22/21 22:13:50,,206.7,199.2
05/22/21 22:14:25,,206.8,199.4
05/22/21 22:14:30,,206.8,199.4
05/22/21 22:14:45,,206.8,199.5
05/22/21 22:14:50,,206.8,199.5
05/22/21 22:15:25,,,199.6
05/22/21 22:15:30,,,199.6
05/22/21 22:15:45,,,199.7
05/22/21 22:15:50,,,199.7
05/22/21 22:16:25,,,199.9
05/22/21 22:16:30,,,199.9
05/22/21 22:16:45,,,200.0
05/22/21 22:16:50,,,200.0
05/22/21 22:17:25,,,200.3
05/22/21 22:17:30,,,200.3
05/22/21 22:17:45,,,200.4
05/22/21 22:17:50,,,200.4
05/22/21 22:18:25,,,200.6
05/22/21 22:18:30,,,200.6
05/22/21 22:18:45,,,200.7
05/22/21 22:18:50,,,200.7
05/22/21 22:19:25,,,200.8
05/22/21 22:19:30,,,200.8
05/22/21 22:19:45,,,200.9
05/22/21 22:19:50,,,200.9
05/22/21 22:20:25,,,201.1
05/22/21 22:20:30,,,201.1
05/22/21 22:20:45,,,201.2
05/22/21 22:20:50,,,201.2
05/22/21 22:21:25,,,201.4
05/22/21 22:21:30,,,201.4
05/22/21 22:21:45,,,201.5
05/22/21 22:21:50,,,201.6
05/22/21 22:21:55,,,201.6
05/22/21 22:22:00,,,201.6
05/22/21 22:22:05,,,201.6
05/22/21 22:22:25,,,201.8
05/22/21 22:22:30,,,201.8
05/22/21 22:22:45,,,201.9
05/22/21 22:22:50,,,201.9
05/22/21 22:22:55,,,201.9
05/22/21 22:23:00,,,201.9
05/22/21 22:23:25,,,202.0
05/22/21 22:23:30,,,202.0
05/22/21 22:23:45,,,202.2
05/22/21 22:23:50,,,202.2
05/22/21 22:23:55,,,202.2
05/22/21 22:24:00,,,202.2
05/22/21 22:24:25,,,202.4
05/22/21 22:24:30,,,202.4
05/22/21 22:24:45,,,202.5
05/22/21 22:24:50,,,202.5
05/22/21 22:24:55,,,202.5
05/22/21 22:25:00,,,202.5
05/22/21 22:25:25,,,202.7
05/22/21 22:25:30,,,202.7
05/22/21 22:25:45,,,202.8
05/22/21 22:25:50,,,202.8
05/22/21 22:25:55,,,202.8
05/22/21 22:26:00,,,202.8
05/22/21 22:26:25,,,203.0
05/22/21 22:26:30,,,203.0
05/22/21 22:26:45,,,203.1
05/22/21 22:26:50,,,203.1
05/22/21 22:26:55,,,203.1
05/22/21 22:27:00,,,203.1
